No.,Pos.,Player,Date of birth (age),Caps,Goals,Club
1,GK,Hernán Galíndez,30 March 1987 (aged 35),12,0,Aucas
2,DF,Félix Torres,11 January 1997 (aged 25),17,2,Santos Laguna
3,DF,Piero Hincapié,9 January 2002 (aged 20),21,1,Bayer Leverkusen
4,DF,Robert Arboleda,22 October 1991 (aged 31),33,2,São Paulo
5,MF,José Cifuentes,12 March 1999 (aged 23),11,0,Los Angeles FC
6,DF,William Pacho,16 October 2001 (aged 21),0,0,Antwerp
7,DF,Pervis Estupiñán,21 January 1998 (aged 24),28,3,Brighton & Hove Albion
8,MF,Carlos Gruezo,19 April 1995 (aged 27),46,1,FC Augsburg
9,MF,Ayrton Preciado,17 July 1994 (aged 28),27,3,Santos Laguna
10,MF,Romario Ibarra,24 September 1994 (aged 28),25,3,Pachuca
11,FW,Michael Estrada,7 April 1996 (aged 26),36,8,Cruz Azul
12,GK,Moisés Ramírez,9 September 2000 (aged 22),2,0,Independiente del Valle
13,FW,Enner Valencia (captain),4 November 1989 (aged 33),74,35,Fenerbahçe
14,DF,Xavier Arreaga,28 September 1994 (aged 28),18,1,Seattle Sounders FC
15,MF,Ángel Mena,21 January 1988 (aged 34),46,7,León
16,MF,Jeremy Sarmiento,16 June 2002 (aged 20),9,0,Brighton & Hove Albion
17,DF,Ángelo Preciado,18 February 1998 (aged 24),24,0,Genk
18,DF,Diego Palacios,12 July 1999 (aged 23),12,0,Los Angeles FC
19,MF,Gonzalo Plata,1 November 2000 (aged 22),30,5,Valladolid
20,MF,Sebas Méndez,26 April 1997 (aged 25),32,0,Los Angeles FC
21,MF,Alan Franco,21 August 1998 (aged 24),25,1,Talleres
22,GK,Alexander Domínguez,5 June 1987 (aged 35),68,0,LDU Quito
23,MF,Moisés Caicedo,2 November 2001 (aged 21),25,2,Brighton & Hove Albion
24,FW,Djorkaeff Reasco,18 January 1999 (aged 23),4,0,Newell's Old Boys
25,DF,Jackson Porozo,4 August 2000 (aged 22),5,0,Troyes
26,FW,Kevin Rodríguez,4 March 2000 (aged 22),1,0,Imbabura
1,GK,Remko Pasveer,8 November 1983 (aged 39),2,0,Ajax
2,DF,Jurriën Timber,17 June 2001 (aged 21),10,0,Ajax
3,DF,Matthijs de Ligt,12 August 1999 (aged 23),38,2,Bayern Munich
4,DF,Virgil van Dijk (captain),8 July 1991 (aged 31),49,6,Liverpool
5,DF,Nathan Aké,18 February 1995 (aged 27),29,3,Manchester City
6,DF,Stefan de Vrij,5 February 1992 (aged 30),59,3,Internazionale
7,FW,Steven Bergwijn,8 October 1997 (aged 25),24,7,Ajax
8,FW,Cody Gakpo,7 May 1999 (aged 23),9,3,PSV Eindhoven
9,FW,Luuk de Jong,27 August 1990 (aged 32),38,8,PSV Eindhoven
10,FW,Memphis Depay,13 February 1994 (aged 28),81,42,Barcelona
11,MF,Steven Berghuis,19 December 1991 (aged 30),39,2,Ajax
12,FW,Noa Lang,17 June 1999 (aged 23),5,1,Club Brugge
13,GK,Justin Bijlow,22 January 1998 (aged 24),6,0,Feyenoord
14,MF,Davy Klaassen,21 February 1993 (aged 29),35,9,Ajax
15,MF,Marten de Roon,29 March 1991 (aged 31),30,0,Atalanta
16,DF,Tyrell Malacia,17 August 1999 (aged 23),6,0,Manchester United
17,DF,Daley Blind,9 March 1990 (aged 32),94,2,Ajax
18,FW,Vincent Janssen,15 June 1994 (aged 28),20,7,Antwerp
19,FW,Wout Weghorst,7 August 1992 (aged 30),15,3,Beşiktaş
20,MF,Teun Koopmeiners,28 February 1998 (aged 24),10,1,Atalanta
21,MF,Frenkie de Jong,12 May 1997 (aged 25),45,1,Barcelona
22,DF,Denzel Dumfries,18 April 1996 (aged 26),37,5,Internazionale
23,GK,Andries Noppert,7 April 1994 (aged 28),0,0,Heerenveen
24,MF,Kenneth Taylor,16 May 2002 (aged 20),2,0,Ajax
25,MF,Xavi Simons,21 April 2003 (aged 19),0,0,PSV Eindhoven
26,DF,Jeremie Frimpong,10 December 2000 (aged 21),0,0,Bayer Leverkusen
1,GK,Saad Al-Sheeb,19 February 1990 (aged 32),76,0,Al-Sadd
2,DF,Ró-Ró,6 August 1990 (aged 32),80,1,Al-Sadd
3,MF,Abdelkarim Hassan,28 August 1993 (aged 29),130,15,Al-Sadd
4,DF,Mohammed Waad,18 September 1999 (aged 23),21,0,Al-Sadd
5,DF,Tarek Salman,5 December 1997 (aged 24),58,0,Al-Sadd
6,MF,Abdulaziz Hatem,1 January 1990 (aged 32),107,11,Al-Rayyan
7,FW,Ahmed Alaaeldin,31 January 1993 (aged 29),47,2,Al-Gharafa
8,MF,Ali Assadalla,19 January 1993 (aged 29),59,12,Al-Sadd
9,FW,Mohammed Muntari,20 December 1993 (aged 28),48,13,Al-Duhail
10,MF,Hassan Al-Haydos (captain),11 December 1990 (aged 31),169,36,Al-Sadd
11,FW,Akram Afif,18 November 1996 (aged 26),89,26,Al-Sadd
12,MF,Karim Boudiaf,16 September 1990 (aged 32),115,6,Al-Duhail
13,DF,Musab Kheder,1 January 1993 (aged 29),30,0,Al-Sadd
14,DF,Homam Ahmed,25 August 1999 (aged 23),29,2,Al-Gharafa
15,DF,Bassam Al-Rawi,16 December 1997 (aged 24),58,2,Al-Duhail
16,DF,Boualem Khoukhi,9 July 1990 (aged 32),105,20,Al-Sadd
17,DF,Ismaeel Mohammad,5 April 1990 (aged 32),70,4,Al-Duhail
18,FW,Khalid Muneer,24 February 1998 (aged 24),2,0,Al-Wakrah
19,FW,Almoez Ali,19 August 1996 (aged 26),85,42,Al-Duhail
20,MF,Salem Al-Hajri,10 April 1996 (aged 26),22,0,Al-Sadd
21,GK,Yousef Hassan,24 May 1996 (aged 26),7,0,Al-Gharafa
22,GK,Meshaal Barsham,14 February 1998 (aged 24),20,0,Al-Sadd
23,MF,Assim Madibo,22 October 1996 (aged 26),43,0,Al-Duhail
24,MF,Naif Al-Hadhrami,18 July 2001 (aged 21),1,0,Al-Rayyan
25,MF,Jassem Gaber,20 February 2002 (aged 20),0,0,Al-Arabi
26,MF,Mostafa Meshaal,28 March 2001 (aged 21),1,0,Al-Sadd
1,GK,Seny Dieng,23 November 1994 (aged 27),4,0,Queens Park Rangers
2,DF,Formose Mendy,2 January 2001 (aged 21),2,0,Amiens
3,DF,Kalidou Koulibaly (captain),20 June 1991 (aged 31),64,0,Chelsea
4,DF,Pape Abou Cissé,14 September 1995 (aged 27),13,1,Olympiacos
5,MF,Idrissa Gueye,26 September 1989 (aged 33),96,7,Everton
6,MF,Nampalys Mendy,23 June 1992 (aged 30),19,0,Leicester City
7,FW,Nicolas Jackson,20 June 2001 (aged 21),0,0,Villarreal
8,DF,Cheikhou Kouyaté,21 December 1989 (aged 32),83,4,Nottingham Forest
9,FW,Boulaye Dia,16 November 1996 (aged 26),19,3,Salernitana
10,DF,Moussa N'Diaye,18 June 2002 (aged 20),0,0,Anderlecht
11,MF,Pathé Ciss,16 March 1994 (aged 28),1,0,Rayo Vallecano
12,DF,Fodé Ballo-Touré,3 January 1997 (aged 25),14,0,Milan
13,FW,Iliman Ndiaye,6 March 2000 (aged 22),2,0,Sheffield United
14,DF,Ismail Jakobs,17 August 1999 (aged 23),2,0,Monaco
15,MF,Krépin Diatta,25 February 1999 (aged 23),26,2,Monaco
16,GK,Édouard Mendy,1 March 1992 (aged 30),25,0,Chelsea
17,MF,Pape Matar Sarr,14 September 2002 (aged 20),10,0,Tottenham Hotspur
18,FW,Ismaïla Sarr,25 February 1998 (aged 24),48,10,Watford
19,FW,Famara Diédhiou,15 December 1992 (aged 29),25,10,Alanyaspor
20,FW,Bamba Dieng,23 March 2000 (aged 22),13,1,Marseille
21,DF,Youssouf Sabaly,5 March 1993 (aged 29),24,0,Real Betis
22,DF,Abdou Diallo,4 May 1996 (aged 26),18,2,RB Leipzig
23,GK,Alfred Gomis,5 September 1993 (aged 29),13,0,Rennes
24,DF,Moustapha Name,5 May 1995 (aged 27),6,0,Pafos
25,MF,Mamadou Loum,30 December 1996 (aged 25),3,0,Reading
26,MF,Pape Gueye,24 January 1999 (aged 23),12,0,Marseille
1,GK,Jordan Pickford,7 March 1994 (aged 28),45,0,Everton
2,DF,Kyle Walker,28 May 1990 (aged 32),70,0,Manchester City
3,DF,Luke Shaw,12 July 1995 (aged 27),23,3,Manchester United
4,MF,Declan Rice,14 January 1999 (aged 23),34,2,West Ham United
5,DF,John Stones,28 May 1994 (aged 28),59,3,Manchester City
6,DF,Harry Maguire,5 March 1993 (aged 29),48,7,Manchester United
7,FW,Jack Grealish,10 September 1995 (aged 27),24,1,Manchester City
8,MF,Jordan Henderson,17 June 1990 (aged 32),70,2,Liverpool
9,FW,Harry Kane (captain),28 July 1993 (aged 29),75,51,Tottenham Hotspur
10,FW,Raheem Sterling,8 December 1994 (aged 27),79,19,Chelsea
11,FW,Marcus Rashford,31 October 1997 (aged 25),46,12,Manchester United
12,DF,Kieran Trippier,19 September 1990 (aged 32),37,1,Newcastle United
13,GK,Nick Pope,19 April 1992 (aged 30),10,0,Newcastle United
14,MF,Kalvin Phillips,2 December 1995 (aged 26),23,0,Manchester City
15,DF,Eric Dier,15 January 1994 (aged 28),47,3,Tottenham Hotspur
16,DF,Conor Coady,25 February 1993 (aged 29),10,1,Everton
17,FW,Bukayo Saka,5 September 2001 (aged 21),20,4,Arsenal
18,DF,Trent Alexander-Arnold,7 October 1998 (aged 24),17,1,Liverpool
19,MF,Mason Mount,10 January 1999 (aged 23),32,5,Chelsea
20,MF,Phil Foden,28 May 2000 (aged 22),18,2,Manchester City
21,DF,Ben White,8 October 1997 (aged 25),4,0,Arsenal
22,MF,Jude Bellingham,29 June 2003 (aged 19),17,0,Borussia Dortmund
23,GK,Aaron Ramsdale,14 May 1998 (aged 24),3,0,Arsenal
24,FW,Callum Wilson,27 February 1992 (aged 30),4,1,Newcastle United
25,MF,James Maddison,23 November 1996 (aged 25),1,0,Leicester City
26,MF,Conor Gallagher,6 February 2000 (aged 22),4,0,Chelsea
1,GK,Alireza Beiranvand,21 September 1992 (aged 30),52,0,Persepolis
2,DF,Sadegh Moharrami,1 March 1996 (aged 26),21,0,Dinamo Zagreb
3,DF,Ehsan Hajsafi (captain),25 February 1990 (aged 32),121,7,AEK Athens
4,DF,Shojae Khalilzadeh,14 May 1989 (aged 33),25,1,Al-Ahli Doha
5,DF,Milad Mohammadi,29 September 1993 (aged 29),45,1,AEK Athens
6,MF,Saeid Ezatolahi,1 October 1996 (aged 26),47,1,Vejle
7,MF,Alireza Jahanbakhsh,11 August 1993 (aged 29),64,13,Feyenoord
8,DF,Morteza Pouraliganji,19 April 1992 (aged 30),46,3,Persepolis
9,FW,Mehdi Taremi,18 July 1992 (aged 30),60,28,Porto
10,FW,Karim Ansarifard,3 April 1990 (aged 32),94,29,Omonia
11,MF,Vahid Amiri,2 April 1988 (aged 34),68,2,Persepolis
12,GK,Payam Niazmand,6 April 1995 (aged 27),1,0,Sepahan
13,DF,Hossein Kanaanizadegan,23 March 1994 (aged 28),35,2,Al-Ahli Doha
14,MF,Saman Ghoddos,6 September 1993 (aged 29),33,2,Brentford
15,DF,Rouzbeh Cheshmi,24 July 1993 (aged 29),19,1,Esteghlal
16,MF,Mehdi Torabi,10 September 1994 (aged 28),36,7,Persepolis
17,MF,Ali Gholizadeh,10 March 1996 (aged 26),26,6,Charleroi
18,MF,Ali Karimi,11 February 1994 (aged 28),13,0,Kayserispor
19,DF,Majid Hosseini,20 June 1996 (aged 26),18,0,Kayserispor
20,FW,Sardar Azmoun,1 January 1995 (aged 27),65,41,Bayer Leverkusen
21,MF,Ahmad Nourollahi,1 February 1993 (aged 29),25,3,Shabab Al-Ahli
22,GK,Amir Abedzadeh,26 April 1993 (aged 29),11,0,Ponferradina
23,DF,Ramin Rezaeian,21 March 1990 (aged 32),46,2,Sepahan
24,GK,Hossein Hosseini,30 June 1992 (aged 30),6,0,Esteghlal
25,DF,Abolfazl Jalali,26 June 1998 (aged 24),3,0,Esteghlal
1,GK,Matt Turner,24 June 1994 (aged 28),20,0,Arsenal
2,DF,Sergiño Dest,3 November 2000 (aged 22),19,2,Milan
3,DF,Walker Zimmerman,19 May 1993 (aged 29),33,3,Nashville SC
4,MF,Tyler Adams (captain),14 February 1999 (aged 23),32,1,Leeds United
5,DF,Antonee Robinson,8 August 1997 (aged 25),29,2,Fulham
6,MF,Yunus Musah,29 November 2002 (aged 19),19,0,Valencia
7,FW,Giovanni Reyna,13 November 2002 (aged 20),14,4,Borussia Dortmund
8,MF,Weston McKennie,28 August 1998 (aged 24),37,9,Juventus
9,FW,Jesús Ferreira,24 December 2000 (aged 21),15,7,FC Dallas
10,FW,Christian Pulisic,18 September 1998 (aged 24),52,21,Chelsea
11,FW,Brenden Aaronson,22 October 2000 (aged 22),24,6,Leeds United
12,GK,Ethan Horvath,9 June 1995 (aged 27),8,0,Luton Town
13,DF,Tim Ream,5 October 1987 (aged 35),46,1,Fulham
14,MF,Luca de la Torre,23 May 1998 (aged 24),12,0,Celta Vigo
15,DF,Aaron Long,12 October 1992 (aged 30),29,3,New York Red Bulls
16,FW,Jordan Morris,26 October 1994 (aged 28),49,11,Seattle Sounders FC
17,MF,Cristian Roldan,3 June 1995 (aged 27),32,0,Seattle Sounders FC
18,DF,Shaq Moore,2 November 1996 (aged 26),15,1,Nashville SC
19,FW,Haji Wright,27 March 1998 (aged 24),3,1,Antalyaspor
20,DF,Cameron Carter-Vickers,31 December 1997 (aged 24),11,0,Celtic
21,FW,Timothy Weah,22 February 2000 (aged 22),25,3,Lille
22,DF,DeAndre Yedlin,9 July 1993 (aged 29),75,0,Inter Miami CF
23,MF,Kellyn Acosta,24 July 1995 (aged 27),53,2,Los Angeles FC
24,FW,Josh Sargent,20 February 2000 (aged 22),20,5,Norwich City
25,GK,Sean Johnson,31 May 1989 (aged 33),10,0,New York City FC
26,DF,Joe Scally,31 December 2002 (aged 19),3,0,Borussia Mönchengladbach
1,GK,Wayne Hennessey,24 January 1987 (aged 35),106,0,Nottingham Forest
2,DF,Chris Gunter,21 July 1989 (aged 33),109,0,AFC Wimbledon
3,DF,Neco Williams,13 April 2001 (aged 21),23,2,Nottingham Forest
4,DF,Ben Davies,24 April 1993 (aged 29),74,1,Tottenham Hotspur
5,DF,Chris Mepham,5 November 1997 (aged 25),33,0,Bournemouth
6,DF,Joe Rodon,22 October 1997 (aged 25),30,0,Rennes
7,MF,Joe Allen,14 March 1990 (aged 32),72,2,Swansea City
8,MF,Harry Wilson,22 March 1997 (aged 25),39,5,Fulham
9,FW,Brennan Johnson,23 May 2001 (aged 21),15,2,Nottingham Forest
10,MF,Aaron Ramsey,26 December 1990 (aged 31),75,20,Nice
11,FW,Gareth Bale (captain),16 July 1989 (aged 33),108,40,Los Angeles FC
12,GK,Danny Ward,22 June 1993 (aged 29),26,0,Leicester City
13,FW,Kieffer Moore,8 August 1992 (aged 30),28,9,Bournemouth
14,DF,Connor Roberts,23 September 1995 (aged 27),41,3,Burnley
15,DF,Ethan Ampadu,14 September 2000 (aged 22),37,0,Spezia
16,MF,Joe Morrell,3 January 1997 (aged 25),30,0,Portsmouth
17,DF,Tom Lockyer,3 December 1994 (aged 27),14,0,Luton Town
18,MF,Jonny Williams,9 October 1993 (aged 29),33,2,Swindon Town
19,FW,Mark Harris,29 December 1998 (aged 23),5,0,Cardiff City
20,FW,Daniel James,10 November 1997 (aged 25),38,5,Fulham
21,GK,Adam Davies,17 July 1992 (aged 30),4,0,Sheffield United
22,MF,Sorba Thomas,25 January 1999 (aged 23),6,0,Huddersfield Town
23,MF,Dylan Levitt,17 November 2000 (aged 22),13,0,Dundee United
24,DF,Ben Cabango,30 May 2000 (aged 22),5,0,Swansea City
25,MF,Rubin Colwill,27 April 2002 (aged 20),7,1,Cardiff City
26,MF,Matthew Smith,22 November 1999 (aged 22),19,0,Milton Keynes Dons
1,GK,Franco Armani,16 October 1986 (aged 36),18,0,River Plate
2,DF,Juan Foyth,12 January 1998 (aged 24),16,0,Villarreal
3,DF,Nicolás Tagliafico,31 August 1992 (aged 30),42,0,Lyon
4,DF,Gonzalo Montiel,1 January 1997 (aged 25),18,0,Sevilla
5,MF,Leandro Paredes,29 June 1994 (aged 28),46,4,Juventus
6,DF,Germán Pezzella,27 June 1991 (aged 31),32,2,Real Betis
7,MF,Rodrigo De Paul,24 May 1994 (aged 28),44,2,Atlético Madrid
8,MF,Marcos Acuña,28 October 1991 (aged 31),43,0,Sevilla
9,FW,Julián Álvarez,31 January 2000 (aged 22),12,3,Manchester City
10,FW,Lionel Messi (captain),24 June 1987 (aged 35),165,91,Paris Saint-Germain
11,FW,Ángel Di María,14 February 1988 (aged 34),124,27,Juventus
12,GK,Gerónimo Rulli,20 May 1992 (aged 30),4,0,Villarreal
13,DF,Cristian Romero,27 April 1998 (aged 24),12,1,Tottenham Hotspur
14,MF,Exequiel Palacios,5 October 1998 (aged 24),20,0,Bayer Leverkusen
15,FW,Ángel Correa,9 March 1995 (aged 27),22,3,Atlético Madrid
16,MF,Thiago Almada,26 April 2001 (aged 21),1,0,Atlanta United FC
17,MF,Papu Gómez,15 February 1988 (aged 34),15,3,Sevilla
18,MF,Guido Rodríguez,12 April 1994 (aged 28),26,1,Real Betis
19,DF,Nicolás Otamendi,12 February 1988 (aged 34),93,4,Benfica
20,MF,Alexis Mac Allister,24 December 1998 (aged 23),8,0,Brighton & Hove Albion
21,FW,Paulo Dybala,15 November 1993 (aged 29),34,3,Roma
22,FW,Lautaro Martínez,22 August 1997 (aged 25),40,21,Internazionale
23,GK,Emiliano Martínez,2 September 1992 (aged 30),19,0,Aston Villa
24,MF,Enzo Fernández,17 January 2001 (aged 21),3,0,Benfica
25,DF,Lisandro Martínez,18 January 1998 (aged 24),10,0,Manchester United
26,DF,Nahuel Molina,6 April 1998 (aged 24),20,0,Atlético Madrid
1,GK,Alfredo Talavera,18 September 1982 (aged 40),40,0,Juárez
2,DF,Néstor Araujo,29 August 1991 (aged 31),63,3,América
3,DF,César Montes,24 February 1997 (aged 25),30,1,Monterrey
4,DF,Edson Álvarez,24 October 1997 (aged 25),58,3,Ajax
5,DF,Johan Vásquez,22 October 1998 (aged 24),7,0,Cremonese
6,DF,Gerardo Arteaga,7 September 1998 (aged 24),17,1,Genk
7,MF,Luis Romo,5 June 1995 (aged 27),27,1,Monterrey
8,MF,Carlos Rodríguez,3 January 1997 (aged 25),36,0,Cruz Azul
9,FW,Raúl Jiménez,5 May 1991 (aged 31),95,29,Wolverhampton Wanderers
10,FW,Alexis Vega,25 November 1997 (aged 24),22,6,Guadalajara
11,FW,Rogelio Funes Mori,5 March 1991 (aged 31),16,6,Monterrey
12,GK,Rodolfo Cota,3 July 1987 (aged 35),8,0,León
13,GK,Guillermo Ochoa,13 July 1985 (aged 37),131,0,América
14,MF,Érick Gutiérrez,15 June 1995 (aged 27),34,1,PSV Eindhoven
15,DF,Héctor Moreno,17 January 1988 (aged 34),128,5,Monterrey
16,MF,Héctor Herrera,19 April 1990 (aged 32),102,10,Houston Dynamo FC
17,FW,Orbelín Pineda,24 March 1996 (aged 26),50,6,AEK Athens
18,MF,Andrés Guardado (captain),28 September 1986 (aged 36),178,28,Real Betis
19,DF,Jorge Sánchez,10 December 1997 (aged 24),26,1,Ajax
20,FW,Henry Martín,18 November 1992 (aged 30),27,6,América
21,FW,Uriel Antuna,21 August 1997 (aged 25),36,9,Cruz Azul
22,FW,Hirving Lozano,30 July 1995 (aged 27),60,16,Napoli
23,DF,Jesús Gallardo,15 August 1994 (aged 28),78,1,Monterrey
24,MF,Luis Chávez,15 January 1996 (aged 26),9,0,Pachuca
25,FW,Roberto Alvarado,7 September 1998 (aged 24),31,4,Guadalajara
26,DF,Kevin Álvarez,15 January 1999 (aged 23),8,0,Pachuca
1,GK,Wojciech Szczęsny,18 April 1990 (aged 32),66,0,Juventus
2,DF,Matty Cash,7 August 1997 (aged 25),7,1,Aston Villa
3,DF,Artur Jędrzejczyk,4 November 1987 (aged 35),40,3,Legia Warsaw
4,DF,Mateusz Wieteska,11 February 1997 (aged 25),2,0,Clermont
5,DF,Jan Bednarek,12 April 1996 (aged 26),45,1,Aston Villa
6,MF,Krystian Bielik,4 January 1998 (aged 24),5,0,Birmingham City
7,FW,Arkadiusz Milik,28 February 1994 (aged 28),64,16,Juventus
8,MF,Damian Szymański,16 June 1995 (aged 27),9,1,AEK Athens
9,FW,Robert Lewandowski (captain),21 August 1988 (aged 34),134,76,Barcelona
10,MF,Grzegorz Krychowiak,29 January 1990 (aged 32),94,5,Al-Shabab
11,MF,Kamil Grosicki,8 June 1988 (aged 34),87,17,Pogoń Szczecin
12,GK,Łukasz Skorupski,5 May 1991 (aged 31),8,0,Bologna
13,MF,Jakub Kamiński,5 June 2002 (aged 20),4,1,VfL Wolfsburg
14,DF,Jakub Kiwior,15 February 2000 (aged 22),5,0,Spezia
15,DF,Kamil Glik,3 February 1988 (aged 34),99,6,Benevento
16,FW,Karol Świderski,23 January 1997 (aged 25),18,8,Charlotte FC
17,MF,Szymon Żurkowski,25 September 1997 (aged 25),7,0,Fiorentina
18,DF,Bartosz Bereszyński,12 July 1992 (aged 30),46,0,Sampdoria
19,MF,Sebastian Szymański,10 May 1999 (aged 23),18,1,Feyenoord
20,MF,Piotr Zieliński,20 May 1994 (aged 28),74,9,Napoli
21,MF,Nicola Zalewski,23 January 2002 (aged 20),7,0,Roma
22,GK,Kamil Grabara,8 January 1999 (aged 23),1,0,Copenhagen
23,FW,Krzysztof Piątek,1 July 1995 (aged 27),25,11,Salernitana
24,MF,Przemysław Frankowski,12 April 1995 (aged 27),26,1,Lens
25,DF,Robert Gumny,4 June 1998 (aged 24),5,0,FC Augsburg
26,MF,Michał Skóraś,15 February 2000 (aged 22),1,0,Lech Poznań
1,GK,Mohammed Al-Rubaie,14 August 1997 (aged 25),7,0,Al-Ahli
2,DF,Sultan Al-Ghannam,6 May 1994 (aged 28),24,0,Al-Nassr
3,DF,Abdullah Madu,15 July 1993 (aged 29),15,0,Al-Nassr
4,DF,Abdulelah Al-Amri,15 January 1997 (aged 25),20,1,Al-Nassr
5,DF,Ali Al-Bulaihi,21 November 1989 (aged 32),37,0,Al-Hilal
6,DF,Mohammed Al-Breik,15 September 1992 (aged 30),40,1,Al-Hilal
7,MF,Salman Al-Faraj (captain),1 August 1989 (aged 33),70,8,Al-Hilal
8,MF,Abdulellah Al-Malki,11 October 1994 (aged 28),27,0,Al-Hilal
9,FW,Firas Al-Buraikan,14 May 2000 (aged 22),26,6,Al-Fateh
10,FW,Salem Al-Dawsari,19 August 1991 (aged 31),71,17,Al-Hilal
11,FW,Saleh Al-Shehri,1 November 1993 (aged 29),20,10,Al-Hilal
12,DF,Saud Abdulhamid,18 July 1999 (aged 23),23,1,Al-Hilal
13,DF,Yasser Al-Shahrani,25 May 1992 (aged 30),72,2,Al-Hilal
14,MF,Abdullah Otayf,3 August 1992 (aged 30),45,1,Al-Hilal
15,MF,Ali Al-Hassan,4 March 1997 (aged 25),13,1,Al-Nassr
16,MF,Sami Al-Najei,7 February 1997 (aged 25),17,2,Al-Nassr
17,DF,Hassan Al-Tambakti,9 February 1999 (aged 23),19,0,Al-Shabab
18,MF,Nawaf Al-Abed,26 January 1990 (aged 32),55,8,Al-Shabab
19,FW,Hattan Bahebri,16 July 1992 (aged 30),41,4,Al-Shabab
20,FW,Abdulrahman Al-Aboud,1 June 1995 (aged 27),3,0,Al-Ittihad
21,GK,Mohammed Al-Owais,10 October 1991 (aged 31),42,0,Al-Hilal
22,GK,Nawaf Al-Aqidi,10 May 2000 (aged 22),0,0,Al-Nassr
23,MF,Mohamed Kanno,22 September 1994 (aged 28),38,1,Al-Hilal
24,MF,Nasser Al-Dawsari,19 December 1998 (aged 23),10,0,Al-Hilal
25,FW,Haitham Asiri,25 March 2001 (aged 21),8,1,Al-Ahli
26,MF,Riyadh Sharahili,28 April 1993 (aged 29),5,0,Abha
1,GK,Mathew Ryan (captain),8 April 1992 (aged 30),75,0,Copenhagen
2,DF,Miloš Degenek,28 April 1994 (aged 28),38,1,Columbus Crew
3,DF,Nathaniel Atkinson,13 June 1999 (aged 23),5,0,Heart of Midlothian
4,DF,Kye Rowles,24 June 1998 (aged 24),3,0,Heart of Midlothian
5,DF,Fran Karačić,12 May 1996 (aged 26),11,1,Brescia
6,FW,Marco Tilio,23 August 2001 (aged 21),5,0,Melbourne City
7,FW,Mathew Leckie,4 February 1991 (aged 31),73,13,Melbourne City
8,DF,Bailey Wright,28 July 1992 (aged 30),27,2,Sunderland
9,FW,Jamie Maclaren,29 July 1993 (aged 29),26,8,Melbourne City
10,MF,Ajdin Hrustic,5 July 1996 (aged 26),20,3,Hellas Verona
11,FW,Awer Mabil,15 September 1995 (aged 27),29,8,Cádiz
12,GK,Andrew Redmayne,13 January 1989 (aged 33),4,0,Sydney FC
13,MF,Aaron Mooy,15 September 1990 (aged 32),53,7,Celtic
14,MF,Riley McGree,2 November 1998 (aged 24),11,1,Middlesbrough
15,FW,Mitchell Duke,18 January 1991 (aged 31),21,8,Fagiano Okayama
16,DF,Aziz Behich,16 December 1990 (aged 31),53,2,Dundee United
17,MF,Cameron Devlin,7 June 1998 (aged 24),1,0,Heart of Midlothian
18,GK,Danny Vukovic,27 March 1985 (aged 37),4,0,Central Coast Mariners
19,DF,Harry Souttar,22 October 1998 (aged 24),10,6,Stoke City
20,DF,Thomas Deng,20 March 1997 (aged 25),2,0,Albirex Niigata
21,FW,Garang Kuol,15 September 2004 (aged 18),1,0,Central Coast Mariners
22,MF,Jackson Irvine,7 March 1993 (aged 29),49,7,FC St. Pauli
23,FW,Craig Goodwin,16 December 1991 (aged 30),10,1,Adelaide United
24,DF,Joel King,30 October 2000 (aged 22),4,0,OB
25,FW,Jason Cummings,1 August 1995 (aged 27),1,1,Central Coast Mariners
26,MF,Keanu Baccus,7 June 1998 (aged 24),1,0,St Mirren
1,GK,Kasper Schmeichel,5 November 1986 (aged 36),86,0,Nice
2,DF,Joachim Andersen,31 May 1996 (aged 26),19,0,Crystal Palace
3,DF,Victor Nelsson,14 October 1998 (aged 24),7,0,Galatasaray
4,DF,Simon Kjær (captain),26 March 1989 (aged 33),121,5,Milan
5,DF,Joakim Mæhle,20 May 1997 (aged 25),31,9,Atalanta
6,DF,Andreas Christensen,10 April 1996 (aged 26),58,2,Barcelona
7,MF,Mathias Jensen,1 January 1996 (aged 26),20,1,Brentford
8,MF,Thomas Delaney,3 September 1991 (aged 31),71,7,Sevilla
9,FW,Martin Braithwaite,5 June 1991 (aged 31),62,10,Espanyol
10,MF,Christian Eriksen,14 February 1992 (aged 30),117,39,Manchester United
11,MF,Andreas Skov Olsen,29 December 1999 (aged 22),23,8,Club Brugge
12,FW,Kasper Dolberg,6 October 1997 (aged 25),37,11,Sevilla
13,DF,Rasmus Kristensen,11 July 1997 (aged 25),10,0,Leeds United
14,MF,Mikkel Damsgaard,3 July 2000 (aged 22),18,4,Brentford
15,MF,Christian Nørgaard,10 March 1994 (aged 28),17,1,Brentford
16,GK,Oliver Christensen,22 March 1999 (aged 23),1,0,Hertha BSC
17,DF,Jens Stryger Larsen,21 February 1991 (aged 31),49,3,Trabzonspor
18,DF,Daniel Wass,31 May 1989 (aged 33),44,1,Brøndby
19,FW,Jonas Wind,7 February 1999 (aged 23),15,5,VfL Wolfsburg
20,FW,Yussuf Poulsen,15 June 1994 (aged 28),68,11,RB Leipzig
21,FW,Andreas Cornelius,16 March 1993 (aged 29),41,9,Copenhagen
22,GK,Frederik Rønnow,4 August 1992 (aged 30),8,0,Union Berlin
23,MF,Pierre-Emile Højbjerg,5 August 1995 (aged 27),60,5,Tottenham Hotspur
24,MF,Robert Skov,20 May 1996 (aged 26),11,5,1899 Hoffenheim
25,MF,Jesper Lindstrøm,29 February 2000 (aged 22),6,1,Eintracht Frankfurt
26,DF,Alexander Bah,9 December 1997 (aged 24),4,1,Benfica
1,GK,Hugo Lloris (captain),26 December 1986 (aged 35),139,0,Tottenham Hotspur
2,DF,Benjamin Pavard,28 March 1996 (aged 26),46,2,Bayern Munich
3,DF,Axel Disasi,11 March 1998 (aged 24),0,0,Monaco
4,DF,Raphaël Varane,25 April 1993 (aged 29),87,5,Manchester United
5,DF,Jules Koundé,12 November 1998 (aged 24),12,0,Barcelona
6,MF,Matteo Guendouzi,14 April 1999 (aged 23),6,1,Marseille
7,FW,Antoine Griezmann,21 March 1991 (aged 31),110,42,Atlético Madrid
8,MF,Aurélien Tchouaméni,27 January 2000 (aged 22),14,1,Real Madrid
9,FW,Olivier Giroud,30 September 1986 (aged 36),114,49,Milan
10,FW,Kylian Mbappé,20 December 1998 (aged 23),59,28,Paris Saint-Germain
11,FW,Ousmane Dembélé,15 May 1997 (aged 25),28,4,Barcelona
12,FW,Randal Kolo Muani,5 December 1998 (aged 23),2,0,Eintracht Frankfurt
13,MF,Youssouf Fofana,10 January 1999 (aged 23),2,0,Monaco
14,MF,Adrien Rabiot,3 April 1995 (aged 27),29,2,Juventus
15,MF,Jordan Veretout,1 March 1993 (aged 29),5,0,Marseille
16,GK,Steve Mandanda,28 March 1985 (aged 37),34,0,Rennes
17,DF,William Saliba,24 March 2001 (aged 21),7,0,Arsenal
18,DF,Dayot Upamecano,27 October 1998 (aged 24),7,1,Bayern Munich
19,FW,Karim Benzema,19 December 1987 (aged 34),97,37,Real Madrid
20,FW,Kingsley Coman,13 June 1996 (aged 26),40,5,Bayern Munich
21,DF,Lucas Hernandez,14 February 1996 (aged 26),32,0,Bayern Munich
22,DF,Théo Hernandez,6 October 1997 (aged 25),7,1,Milan
23,GK,Alphonse Areola,27 February 1993 (aged 29),5,0,West Ham United
24,DF,Ibrahima Konaté,25 May 1999 (aged 23),2,0,Liverpool
25,MF,Eduardo Camavinga,10 November 2002 (aged 20),4,1,Real Madrid
26,FW,Marcus Thuram,6 August 1997 (aged 25),4,0,Borussia Mönchengladbach
1,GK,Aymen Mathlouthi,14 September 1984 (aged 38),73,0,Étoile du Sahel
2,DF,Bilel Ifa,9 March 1990 (aged 32),37,0,Kuwait SC
3,DF,Montassar Talbi,26 May 1998 (aged 24),23,1,Lorient
4,DF,Yassine Meriah,2 July 1993 (aged 29),61,3,Espérance de Tunis
5,MF,Nader Ghandri,18 February 1995 (aged 27),8,0,Club Africain
6,DF,Dylan Bronn,19 June 1995 (aged 27),36,2,Salernitana
7,FW,Youssef Msakni (captain),28 October 1990 (aged 32),88,17,Al-Arabi
8,MF,Hannibal Mejbri,21 January 2003 (aged 19),19,0,Birmingham City
9,FW,Issam Jebali,25 December 1991 (aged 30),10,2,OB
10,FW,Wahbi Khazri,8 February 1991 (aged 31),72,24,Montpellier
11,FW,Taha Yassine Khenissi,6 January 1992 (aged 30),48,9,Kuwait SC
12,DF,Ali Maâloul,1 January 1990 (aged 32),83,2,Al Ahly
13,MF,Ferjani Sassi,18 March 1992 (aged 30),78,6,Al-Duhail
14,MF,Aïssa Laïdouni,13 December 1996 (aged 25),25,1,Ferencváros
15,MF,Mohamed Ali Ben Romdhane,6 September 1999 (aged 23),23,1,Espérance de Tunis
16,GK,Aymen Dahmen,28 January 1997 (aged 25),5,0,CS Sfaxien
17,MF,Ellyes Skhiri,10 May 1995 (aged 27),49,3,1. FC Köln
18,MF,Ghailene Chaalali,28 February 1994 (aged 28),31,1,Espérance de Tunis
19,FW,Seifeddine Jaziri,12 February 1993 (aged 29),29,10,Zamalek
20,DF,Mohamed Dräger,25 June 1996 (aged 26),34,3,Luzern
21,DF,Wajdi Kechrida,5 November 1995 (aged 27),19,0,Atromitos
22,GK,Bechir Ben Saïd,29 November 1992 (aged 29),10,0,US Monastir
23,FW,Naïm Sliti,27 July 1992 (aged 30),69,14,Al-Ettifaq
24,DF,Ali Abdi,20 December 1993 (aged 28),10,2,Caen
25,FW,Anis Ben Slimane,16 March 2001 (aged 21),25,4,Brøndby
26,GK,Mouez Hassen,5 March 1995 (aged 27),20,0,Club Africain
1,GK,Keylor Navas,15 December 1986 (aged 35),107,0,Paris Saint-Germain
2,MF,Daniel Chacón,11 April 2001 (aged 21),8,0,Cartaginés
3,DF,Juan Pablo Vargas,6 June 1995 (aged 27),12,1,Millonarios
4,DF,Keysher Fuller,12 July 1994 (aged 28),31,2,Herediano
5,MF,Celso Borges,27 May 1988 (aged 34),155,27,Alajuelense
6,DF,Óscar Duarte,3 June 1989 (aged 33),71,4,Al-Wehda
7,FW,Anthony Contreras,29 January 2000 (aged 22),9,2,Herediano
8,DF,Bryan Oviedo,18 February 1990 (aged 32),76,2,Real Salt Lake
9,MF,Jewison Bennette,15 June 2004 (aged 18),7,2,Sunderland
10,MF,Bryan Ruiz (captain),18 August 1985 (aged 37),146,29,Alajuelense
11,FW,Johan Venegas,27 November 1988 (aged 33),82,11,Alajuelense
12,FW,Joel Campbell,26 June 1992 (aged 30),119,25,León
13,MF,Gerson Torres,28 August 1997 (aged 25),13,1,Herediano
14,MF,Youstin Salas,17 June 1996 (aged 26),4,0,Saprissa
15,DF,Francisco Calvo,8 July 1992 (aged 30),75,8,Konyaspor
16,DF,Carlos Martínez,30 March 1999 (aged 23),7,0,San Carlos
17,MF,Yeltsin Tejeda,17 March 1992 (aged 30),73,0,Herediano
18,GK,Esteban Alvarado,28 April 1989 (aged 33),25,0,Herediano
19,DF,Kendall Waston,1 January 1988 (aged 34),63,9,Saprissa
20,MF,Brandon Aguilera,28 June 2003 (aged 19),4,0,Guanacasteca
21,MF,Douglas López,21 September 1998 (aged 24),3,0,Herediano
22,DF,Rónald Matarrita,9 July 1994 (aged 28),52,3,FC Cincinnati
23,GK,Patrick Sequeira,1 March 1999 (aged 23),2,0,Lugo
24,MF,Roan Wilson,1 May 2002 (aged 20),3,0,Municipal Grecia
25,MF,Anthony Hernández,11 October 2001 (aged 21),3,1,Puntarenas
26,MF,Álvaro Zamora,9 March 2002 (aged 20),3,0,Saprissa
1,GK,Manuel Neuer (captain),27 March 1986 (aged 36),114,0,Bayern Munich
2,DF,Antonio Rüdiger,3 March 1993 (aged 29),54,2,Real Madrid
3,DF,David Raum,22 April 1998 (aged 24),12,0,RB Leipzig
4,DF,Matthias Ginter,19 January 1994 (aged 28),47,2,SC Freiburg
5,DF,Thilo Kehrer,21 September 1996 (aged 26),23,0,West Ham United
6,MF,Joshua Kimmich,8 February 1995 (aged 27),71,5,Bayern Munich
7,FW,Kai Havertz,11 June 1999 (aged 23),31,10,Chelsea
8,MF,Leon Goretzka,6 February 1995 (aged 27),45,14,Bayern Munich
9,FW,Niclas Füllkrug,9 February 1993 (aged 29),1,1,Werder Bremen
10,FW,Serge Gnabry,14 July 1995 (aged 27),36,20,Bayern Munich
11,MF,Mario Götze,3 June 1992 (aged 30),63,17,Eintracht Frankfurt
12,GK,Kevin Trapp,8 July 1990 (aged 32),6,0,Eintracht Frankfurt
13,MF,Thomas Müller,13 September 1989 (aged 33),118,44,Bayern Munich
14,MF,Jamal Musiala,26 February 2003 (aged 19),17,1,Bayern Munich
15,DF,Niklas Süle,3 September 1995 (aged 27),42,1,Borussia Dortmund
16,DF,Lukas Klostermann,3 June 1996 (aged 26),19,0,RB Leipzig
17,MF,Julian Brandt,2 May 1996 (aged 26),39,3,Borussia Dortmund
18,MF,Jonas Hofmann,14 July 1992 (aged 30),17,4,Borussia Mönchengladbach
19,MF,Leroy Sané,11 January 1996 (aged 26),48,11,Bayern Munich
20,DF,Christian Günter,28 February 1993 (aged 29),7,0,SC Freiburg
21,MF,İlkay Gündoğan,24 October 1990 (aged 32),63,16,Manchester City
22,GK,Marc-André ter Stegen,30 April 1992 (aged 30),30,0,Barcelona
23,DF,Nico Schlotterbeck,1 December 1999 (aged 22),6,0,Borussia Dortmund
24,FW,Karim Adeyemi,18 January 2002 (aged 20),4,1,Borussia Dortmund
25,DF,Armel Bella-Kotchap,11 December 2001 (aged 20),2,0,Southampton
26,FW,Youssoufa Moukoko,20 November 2004 (aged 18),1,0,Borussia Dortmund
1,GK,Eiji Kawashima,20 March 1983 (aged 39),95,0,Strasbourg
2,DF,Miki Yamane,22 December 1993 (aged 28),15,2,Kawasaki Frontale
3,DF,Shogo Taniguchi,15 July 1991 (aged 31),14,0,Kawasaki Frontale
4,DF,Ko Itakura,27 January 1997 (aged 25),13,1,Borussia Mönchengladbach
5,DF,Yuto Nagatomo,12 September 1986 (aged 36),138,4,FC Tokyo
6,MF,Wataru Endo,9 February 1993 (aged 29),43,2,VfB Stuttgart
7,MF,Gaku Shibasaki,28 May 1992 (aged 30),60,3,Leganés
8,MF,Ritsu Dōan,16 June 1998 (aged 24),29,3,SC Freiburg
9,MF,Kaoru Mitoma,20 May 1997 (aged 25),9,5,Brighton & Hove Albion
10,MF,Takumi Minamino,16 January 1995 (aged 27),44,17,Monaco
11,MF,Takefusa Kubo,4 June 2001 (aged 21),20,1,Real Sociedad
12,GK,Shūichi Gonda,3 March 1989 (aged 33),34,0,Shimizu S-Pulse
13,MF,Hidemasa Morita,10 May 1995 (aged 27),17,2,Sporting CP
14,MF,Junya Ito,9 March 1993 (aged 29),38,9,Reims
15,MF,Daichi Kamada,5 August 1996 (aged 26),22,6,Eintracht Frankfurt
16,DF,Takehiro Tomiyasu,5 November 1998 (aged 24),29,1,Arsenal
17,MF,Ao Tanaka,10 September 1998 (aged 24),15,2,Fortuna Düsseldorf
18,FW,Takuma Asano,10 November 1994 (aged 28),37,7,VfL Bochum
19,DF,Hiroki Sakai,12 April 1990 (aged 32),72,1,Urawa Red Diamonds
20,FW,Shuto Machino,30 September 1999 (aged 23),4,3,Shonan Bellmare
21,FW,Ayase Ueda,28 August 1998 (aged 24),11,0,Cercle Brugge
22,DF,Maya Yoshida (captain),24 August 1988 (aged 34),122,12,Schalke 04
23,GK,Daniel Schmidt,3 February 1992 (aged 30),11,0,Sint-Truiden
24,MF,Yuki Soma,25 February 1997 (aged 25),8,4,Nagoya Grampus
25,FW,Daizen Maeda,20 October 1997 (aged 25),8,1,Celtic
26,DF,Hiroki Ito,12 May 1999 (aged 23),6,0,VfB Stuttgart
1,GK,Robert Sánchez,18 November 1997 (aged 25),2,0,Brighton & Hove Albion
2,DF,César Azpilicueta,28 August 1989 (aged 33),42,1,Chelsea
3,DF,Eric García,9 January 2001 (aged 21),19,0,Barcelona
4,DF,Pau Torres,16 January 1997 (aged 25),22,1,Villarreal
5,MF,Sergio Busquets (captain),16 July 1988 (aged 34),139,2,Barcelona
6,MF,Marcos Llorente,30 January 1995 (aged 27),17,0,Atlético Madrid
7,FW,Álvaro Morata,23 October 1992 (aged 30),57,27,Atlético Madrid
8,MF,Koke,8 January 1992 (aged 30),68,0,Atlético Madrid
9,MF,Gavi,5 August 2004 (aged 18),13,2,Barcelona
10,FW,Marco Asensio,21 January 1996 (aged 26),31,1,Real Madrid
11,FW,Ferran Torres,29 February 2000 (aged 22),31,13,Barcelona
12,FW,Nico Williams,12 July 2002 (aged 20),3,1,Athletic Bilbao
13,GK,David Raya,15 September 1995 (aged 27),2,0,Brentford
14,DF,Alejandro Balde,18 October 2003 (aged 19),0,0,Barcelona
15,DF,Hugo Guillamón,31 January 2000 (aged 22),3,1,Valencia
16,MF,Rodri,22 June 1996 (aged 26),35,1,Manchester City
17,FW,Yeremy Pino,20 October 2002 (aged 20),7,1,Villarreal
18,DF,Jordi Alba,21 March 1989 (aged 33),87,9,Barcelona
19,MF,Carlos Soler,2 January 1997 (aged 25),12,3,Paris Saint-Germain
20,DF,Dani Carvajal,11 January 1992 (aged 30),31,0,Real Madrid
21,FW,Dani Olmo,7 May 1998 (aged 24),25,4,RB Leipzig
22,FW,Pablo Sarabia,11 May 1992 (aged 30),25,9,Paris Saint-Germain
23,GK,Unai Simón,11 June 1997 (aged 25),27,0,Athletic Bilbao
24,DF,Aymeric Laporte,27 May 1994 (aged 28),16,1,Manchester City
25,FW,Ansu Fati,31 October 2002 (aged 20),5,2,Barcelona
26,MF,Pedri,25 November 2002 (aged 19),14,0,Barcelona
1,GK,Thibaut Courtois,11 May 1992 (aged 30),97,0,Real Madrid
2,DF,Toby Alderweireld,2 March 1989 (aged 33),124,5,Antwerp
3,DF,Arthur Theate,25 May 2000 (aged 22),4,0,Rennes
4,DF,Wout Faes,3 April 1998 (aged 24),1,0,Leicester City
5,DF,Jan Vertonghen,24 April 1987 (aged 35),142,9,Anderlecht
6,MF,Axel Witsel,12 January 1989 (aged 33),127,12,Atlético Madrid
7,MF,Kevin De Bruyne,28 June 1991 (aged 31),94,25,Manchester City
8,MF,Youri Tielemans,7 May 1997 (aged 25),55,5,Leicester City
9,FW,Romelu Lukaku,13 May 1993 (aged 29),102,68,Internazionale
10,FW,Eden Hazard (captain),7 January 1991 (aged 31),123,33,Real Madrid
11,FW,Yannick Carrasco,4 September 1993 (aged 29),60,8,Atlético Madrid
12,GK,Simon Mignolet,6 March 1988 (aged 34),35,0,Club Brugge
13,GK,Koen Casteels,25 June 1992 (aged 30),4,0,VfL Wolfsburg
14,FW,Dries Mertens,6 May 1987 (aged 35),107,21,Galatasaray
15,MF,Thomas Meunier,12 September 1991 (aged 31),59,8,Borussia Dortmund
16,MF,Thorgan Hazard,29 March 1993 (aged 29),45,9,Borussia Dortmund
17,FW,Leandro Trossard,4 December 1994 (aged 27),21,5,Brighton & Hove Albion
18,MF,Amadou Onana,16 August 2001 (aged 21),2,0,Everton
19,DF,Leander Dendoncker,15 April 1995 (aged 27),29,1,Aston Villa
20,MF,Hans Vanaken,24 August 1992 (aged 30),23,5,Club Brugge
21,MF,Timothy Castagne,5 December 1995 (aged 26),26,2,Leicester City
22,FW,Charles De Ketelaere,10 March 2001 (aged 21),10,1,Milan
23,FW,Michy Batshuayi,2 October 1993 (aged 29),48,26,Fenerbahçe
24,FW,Loïs Openda,16 February 2000 (aged 22),5,2,Lens
25,FW,Jérémy Doku,27 May 2002 (aged 20),11,2,Rennes
26,DF,Zeno Debast,24 October 2003 (aged 19),3,0,Anderlecht
1,GK,Dayne St. Clair,9 May 1997 (aged 25),2,0,Minnesota United FC
2,DF,Alistair Johnston,8 October 1998 (aged 24),30,1,CF Montréal
3,DF,Sam Adekugbe,16 January 1995 (aged 27),34,1,Hatayspor
4,DF,Kamal Miller,16 May 1997 (aged 25),29,0,CF Montréal
5,DF,Steven Vitória,11 January 1987 (aged 35),35,4,Chaves
6,MF,Samuel Piette,12 November 1994 (aged 28),66,0,CF Montréal
7,MF,Stephen Eustáquio,21 December 1996 (aged 25),26,3,Porto
8,MF,Liam Fraser,13 February 1998 (aged 24),15,0,Deinze
9,FW,Lucas Cavallini,28 December 1992 (aged 29),34,18,Vancouver Whitecaps FC
10,MF,Junior Hoilett,5 June 1990 (aged 32),50,14,Reading
11,FW,Tajon Buchanan,8 February 1999 (aged 23),26,4,Club Brugge
12,FW,Iké Ugbo,21 September 1998 (aged 24),8,0,Troyes
13,MF,Atiba Hutchinson (captain),8 February 1983 (aged 39),98,9,Beşiktaş
14,MF,Mark-Anthony Kaye,2 December 1994 (aged 27),38,2,Toronto FC
15,MF,Ismaël Koné,16 June 2002 (aged 20),6,1,CF Montréal
16,GK,James Pantemis,21 February 1997 (aged 25),0,0,CF Montréal
17,FW,Cyle Larin,17 April 1995 (aged 27),55,25,Club Brugge
18,GK,Milan Borjan,23 October 1987 (aged 35),68,0,Red Star Belgrade
19,FW,Alphonso Davies,2 November 2000 (aged 22),34,12,Bayern Munich
20,FW,Jonathan David,14 January 2000 (aged 22),35,22,Lille
21,MF,Jonathan Osorio,12 June 1992 (aged 30),57,7,Toronto FC
22,DF,Richie Laryea,7 January 1995 (aged 27),34,1,Toronto FC
23,MF,Liam Millar,27 September 1999 (aged 23),16,0,Basel
24,MF,David Wotherspoon,16 January 1990 (aged 32),10,1,St Johnstone
25,DF,Derek Cornelius,25 November 1997 (aged 24),14,0,Panetolikos
26,DF,Joel Waterman,24 January 1996 (aged 26),2,0,CF Montréal
1,GK,Dominik Livaković,9 January 1995 (aged 27),34,0,Dinamo Zagreb
2,DF,Josip Stanišić,2 April 2000 (aged 22),7,0,Bayern Munich
3,DF,Borna Barišić,10 November 1992 (aged 30),28,1,Rangers
4,FW,Ivan Perišić,2 February 1989 (aged 33),116,32,Tottenham Hotspur
5,DF,Martin Erlić,24 January 1998 (aged 24),4,0,Sassuolo
6,DF,Dejan Lovren,5 July 1989 (aged 33),72,5,Zenit Saint Petersburg
7,MF,Lovro Majer,17 January 1998 (aged 24),11,3,Rennes
8,MF,Mateo Kovačić,6 May 1994 (aged 28),84,3,Chelsea
9,FW,Andrej Kramarić,19 June 1991 (aged 31),74,20,1899 Hoffenheim
10,MF,Luka Modrić (captain),9 September 1985 (aged 37),155,23,Real Madrid
11,MF,Marcelo Brozović,16 November 1992 (aged 30),77,7,Internazionale
12,GK,Ivo Grbić,18 January 1996 (aged 26),2,0,Atlético Madrid
13,MF,Nikola Vlašić,4 October 1997 (aged 25),42,7,Torino
14,FW,Marko Livaja,26 August 1993 (aged 29),14,3,Hajduk Split
15,MF,Mario Pašalić,9 February 1995 (aged 27),43,7,Atalanta
16,FW,Bruno Petković,16 September 1994 (aged 28),23,6,Dinamo Zagreb
17,FW,Ante Budimir,22 July 1991 (aged 31),15,1,Osasuna
18,FW,Mislav Oršić,29 December 1992 (aged 29),21,1,Dinamo Zagreb
19,DF,Borna Sosa,21 January 1998 (aged 24),8,1,VfB Stuttgart
20,DF,Joško Gvardiol,23 January 2002 (aged 20),12,1,RB Leipzig
21,DF,Domagoj Vida,29 April 1989 (aged 33),100,4,AEK Athens
22,DF,Josip Juranović,16 August 1995 (aged 27),21,0,Celtic
23,GK,Ivica Ivušić,1 February 1995 (aged 27),5,0,Osijek
24,DF,Josip Šutalo,28 February 2000 (aged 22),3,0,Dinamo Zagreb
25,MF,Luka Sučić,8 September 2002 (aged 20),4,0,Red Bull Salzburg
26,MF,Kristijan Jakić,14 May 1997 (aged 25),4,0,Eintracht Frankfurt
1,GK,Yassine Bounou,5 April 1991 (aged 31),46,0,Sevilla
2,DF,Achraf Hakimi,4 November 1998 (aged 24),54,8,Paris Saint-Germain
3,DF,Noussair Mazraoui,14 November 1997 (aged 25),15,2,Bayern Munich
4,MF,Sofyan Amrabat,21 August 1996 (aged 26),39,0,Fiorentina
5,DF,Nayef Aguerd,30 March 1996 (aged 26),22,1,West Ham United
6,DF,Romain Saïss (captain),26 March 1990 (aged 32),66,1,Beşiktaş
7,MF,Hakim Ziyech,19 March 1993 (aged 29),43,18,Chelsea
8,MF,Azzedine Ounahi,19 April 2000 (aged 22),10,2,Angers
9,FW,Abderrazak Hamdallah,17 December 1990 (aged 31),18,6,Al-Ittihad
10,MF,Anass Zaroury,7 November 2000 (aged 22),1,0,Burnley
11,FW,Abdelhamid Sabiri,28 November 1996 (aged 25),2,1,Sampdoria
12,GK,Munir Mohamedi,10 May 1989 (aged 33),43,0,Al-Wehda
13,MF,Ilias Chair,30 October 1997 (aged 25),11,1,Queens Park Rangers
14,MF,Zakaria Aboukhlal,18 February 2000 (aged 22),12,2,Toulouse
15,MF,Selim Amallah,15 November 1996 (aged 26),24,4,Standard Liège
16,FW,Abde Ezzalzouli,17 December 2001 (aged 20),2,0,Osasuna
17,MF,Sofiane Boufal,17 September 1993 (aged 29),32,6,Angers
18,DF,Jawad El Yamiq,29 February 1992 (aged 30),12,2,Valladolid
19,FW,Youssef En-Nesyri,1 June 1997 (aged 25),50,15,Sevilla
20,DF,Achraf Dari,6 May 1999 (aged 23),4,0,Brest
21,FW,Walid Cheddira,22 January 1998 (aged 24),2,0,Bari
22,GK,Ahmed Reda Tagnaouti,5 April 1996 (aged 26),3,0,Wydad AC
23,MF,Bilal El Khannous,10 May 2004 (aged 18),0,0,Genk
24,DF,Badr Benoun,30 September 1993 (aged 29),3,0,Qatar SC
25,DF,Yahia Attiyat Allah,2 March 1995 (aged 27),2,0,Wydad AC
26,MF,Yahya Jabrane,18 June 1991 (aged 31),5,0,Wydad AC
1,GK,Alisson,2 October 1992 (aged 30),57,0,Liverpool
2,DF,Danilo,15 July 1991 (aged 31),46,1,Juventus
3,DF,Thiago Silva (captain),22 September 1984 (aged 38),109,7,Chelsea
4,DF,Marquinhos,14 May 1994 (aged 28),71,5,Paris Saint-Germain
5,MF,Casemiro,23 February 1992 (aged 30),65,5,Manchester United
6,DF,Alex Sandro,26 January 1991 (aged 31),37,2,Juventus
7,MF,Lucas Paquetá,27 August 1997 (aged 25),35,7,West Ham United
8,MF,Fred,5 March 1993 (aged 29),28,0,Manchester United
9,FW,Richarlison,10 May 1997 (aged 25),38,17,Tottenham Hotspur
10,FW,Neymar,5 February 1992 (aged 30),121,75,Paris Saint-Germain
11,FW,Raphinha,14 December 1996 (aged 25),11,5,Barcelona
12,GK,Weverton,13 December 1987 (aged 34),8,0,Palmeiras
13,DF,Dani Alves,6 May 1983 (aged 39),124,8,UNAM
14,DF,Éder Militão,18 January 1998 (aged 24),23,1,Real Madrid
15,MF,Fabinho,23 October 1993 (aged 29),28,0,Liverpool
16,DF,Alex Telles,15 December 1992 (aged 29),8,0,Sevilla
17,MF,Bruno Guimarães,16 November 1997 (aged 25),8,1,Newcastle United
18,FW,Gabriel Jesus,3 April 1997 (aged 25),56,19,Arsenal
19,FW,Antony,24 February 2000 (aged 22),11,2,Manchester United
20,FW,Vinícius Júnior,12 July 2000 (aged 22),16,1,Real Madrid
21,FW,Rodrygo,9 January 2001 (aged 21),7,1,Real Madrid
22,MF,Éverton Ribeiro,10 April 1989 (aged 33),21,3,Flamengo
23,GK,Ederson,17 August 1993 (aged 29),18,0,Manchester City
24,DF,Bremer,18 March 1997 (aged 25),1,0,Juventus
25,FW,Pedro,20 June 1997 (aged 25),2,1,Flamengo
26,FW,Gabriel Martinelli,18 June 2001 (aged 21),3,0,Arsenal
1,GK,Simon Ngapandouetnbu,12 April 2003 (aged 19),0,0,Marseille
2,DF,Jerome Ngom Mbekeli,30 September 1998 (aged 24),2,0,Colombe Sportive
3,DF,Nicolas Nkoulou,27 March 1990 (aged 32),79,2,Aris
4,DF,Christopher Wooh,18 September 2001 (aged 21),4,0,Rennes
5,MF,Gaël Ondoua,4 November 1995 (aged 27),4,0,Hannover 96
6,FW,Moumi Ngamaleu,9 July 1994 (aged 28),42,4,Dynamo Moscow
7,MF,Georges-Kévin Nkoudou,13 February 1995 (aged 27),3,0,Beşiktaş
8,MF,André-Frank Zambo Anguissa,16 November 1995 (aged 27),44,5,Napoli
9,FW,Jean-Pierre Nsame,1 May 1993 (aged 29),4,0,Young Boys
10,FW,Vincent Aboubakar (captain),22 January 1992 (aged 30),92,33,Al-Nassr
11,FW,Christian Bassogog,18 October 1995 (aged 27),44,7,Shanghai Shenhua
12,FW,Karl Toko Ekambi,14 September 1992 (aged 30),52,12,Lyon
13,FW,Eric Maxim Choupo-Moting,23 March 1989 (aged 33),70,20,Bayern Munich
14,MF,Samuel Gouet,14 December 1997 (aged 24),22,0,Mechelen
15,MF,Pierre Kunde,26 July 1995 (aged 27),33,1,Olympiacos
16,GK,Devis Epassy,2 February 1993 (aged 29),5,0,Abha
17,DF,Olivier Mbaizo,15 August 1997 (aged 25),11,0,Philadelphia Union
18,MF,Martin Hongla,16 March 1998 (aged 24),20,0,Hellas Verona
19,DF,Collins Fai,13 August 1992 (aged 30),53,0,Al-Tai
20,FW,Bryan Mbeumo,7 August 1999 (aged 23),4,0,Brentford
21,DF,Jean-Charles Castelletto,26 January 1995 (aged 27),15,0,Nantes
22,MF,Olivier Ntcham,9 February 1996 (aged 26),4,0,Swansea City
23,GK,André Onana,2 April 1996 (aged 26),34,0,Internazionale
24,DF,Enzo Ebosse,11 March 1999 (aged 23),3,0,Udinese
25,DF,Nouhou Tolo,23 June 1997 (aged 25),19,0,Seattle Sounders FC
26,MF,Souaibou Marou,3 December 2000 (aged 21),3,1,Coton Sport
1,GK,Marko Dmitrović,24 January 1992 (aged 30),19,0,Sevilla
2,DF,Strahinja Pavlović,24 May 2001 (aged 21),22,1,Red Bull Salzburg
3,DF,Strahinja Eraković,22 January 2001 (aged 21),2,0,Red Star Belgrade
4,DF,Nikola Milenković,12 October 1997 (aged 25),39,3,Fiorentina
5,DF,Miloš Veljković,26 September 1995 (aged 27),21,0,Werder Bremen
6,MF,Nemanja Maksimović,26 January 1995 (aged 27),40,0,Getafe
7,FW,Nemanja Radonjić,15 February 1996 (aged 26),36,5,Torino
8,MF,Nemanja Gudelj,16 November 1991 (aged 31),49,1,Sevilla
9,FW,Aleksandar Mitrović,16 September 1994 (aged 28),76,50,Fulham
10,FW,Dušan Tadić (captain),20 November 1988 (aged 34),91,20,Ajax
11,FW,Luka Jović,23 December 1997 (aged 24),29,10,Fiorentina
12,GK,Predrag Rajković,31 October 1995 (aged 27),28,0,Mallorca
13,DF,Stefan Mitrović,22 May 1990 (aged 32),35,0,Getafe
14,MF,Andrija Živković,11 July 1996 (aged 26),29,1,PAOK
15,DF,Srđan Babić,22 April 1996 (aged 26),2,0,Almería
16,MF,Saša Lukić,13 August 1996 (aged 26),32,2,Torino
17,MF,Filip Kostić,1 November 1992 (aged 30),50,3,Juventus
18,FW,Dušan Vlahović,28 January 2000 (aged 22),17,9,Juventus
19,MF,Uroš Račić,17 March 1998 (aged 24),9,0,Braga
20,MF,Sergej Milinković-Savić,27 February 1995 (aged 27),36,6,Lazio
21,FW,Filip Đuričić,30 January 1992 (aged 30),37,5,Sampdoria
22,MF,Darko Lazović,15 September 1990 (aged 32),26,1,Hellas Verona
23,GK,Vanja Milinković-Savić,20 February 1997 (aged 25),7,0,Torino
24,MF,Ivan Ilić,17 March 2001 (aged 21),6,0,Hellas Verona
25,DF,Filip Mladenović,15 August 1991 (aged 31),20,1,Legia Warsaw
26,MF,Marko Grujić,13 April 1996 (aged 26),18,0,Porto
1,GK,Yann Sommer,17 December 1988 (aged 33),77,0,Borussia Mönchengladbach
2,DF,Edimilson Fernandes,15 April 1996 (aged 26),22,2,Mainz 05
3,DF,Silvan Widmer,5 March 1993 (aged 29),34,2,Mainz 05
4,DF,Nico Elvedi,30 September 1996 (aged 26),41,1,Borussia Mönchengladbach
5,DF,Manuel Akanji,19 July 1995 (aged 27),43,1,Manchester City
6,MF,Denis Zakaria,20 November 1996 (aged 26),43,3,Chelsea
7,FW,Breel Embolo,14 February 1997 (aged 25),59,11,Monaco
8,MF,Remo Freuler,15 April 1992 (aged 30),49,5,Nottingham Forest
9,FW,Haris Seferovic,22 February 1992 (aged 30),89,25,Galatasaray
10,MF,Granit Xhaka (captain),27 September 1992 (aged 30),107,12,Arsenal
11,DF,Renato Steffen,3 November 1991 (aged 31),28,1,Lugano
12,GK,Jonas Omlin,10 January 1994 (aged 28),4,0,Montpellier
13,DF,Ricardo Rodriguez,25 August 1992 (aged 30),100,9,Torino
14,MF,Michel Aebischer,6 January 1997 (aged 25),12,0,Bologna
15,MF,Djibril Sow,6 February 1997 (aged 25),32,0,Eintracht Frankfurt
16,MF,Christian Fassnacht,11 November 1993 (aged 29),16,4,Young Boys
17,FW,Ruben Vargas,5 August 1998 (aged 24),27,4,FC Augsburg
18,DF,Eray Cömert,4 February 1998 (aged 24),10,0,Valencia
19,FW,Noah Okafor,24 May 2000 (aged 22),9,2,Red Bull Salzburg
20,MF,Fabian Frei,8 January 1989 (aged 33),22,3,Basel
21,GK,Gregor Kobel,6 December 1997 (aged 24),3,0,Borussia Dortmund
22,DF,Fabian Schär,20 December 1991 (aged 30),73,8,Newcastle United
23,MF,Xherdan Shaqiri,10 October 1991 (aged 31),109,26,Chicago Fire FC
24,GK,Philipp Köhn,2 April 1998 (aged 24),0,0,Red Bull Salzburg
25,MF,Fabian Rieder,16 February 2002 (aged 20),0,0,Young Boys
26,MF,Ardon Jashari,30 July 2002 (aged 20),1,0,Luzern
1,GK,Lawrence Ati-Zigi,29 November 1996 (aged 25),11,0,St. Gallen
2,DF,Tariq Lamptey,30 September 2000 (aged 22),2,0,Brighton & Hove Albion
3,DF,Denis Odoi,27 May 1988 (aged 34),4,0,Club Brugge
4,DF,Mohammed Salisu,17 April 1999 (aged 23),3,1,Southampton
5,MF,Thomas Partey,13 June 1993 (aged 29),40,13,Arsenal
6,MF,Elisha Owusu,7 November 1997 (aged 25),3,0,Gent
7,MF,Abdul Fatawu Issahaku,8 March 2004 (aged 18),13,1,Sporting CP
8,MF,Daniel-Kofi Kyereh,8 March 1996 (aged 26),15,0,SC Freiburg
9,FW,Jordan Ayew,11 September 1991 (aged 31),84,19,Crystal Palace
10,FW,André Ayew (captain),17 December 1989 (aged 32),110,23,Al-Sadd
11,MF,Osman Bukari,13 December 1998 (aged 23),7,1,Red Star Belgrade
12,GK,Ibrahim Danlad,2 December 2002 (aged 19),4,0,Asante Kotoko
13,MF,Daniel Afriyie,26 June 2001 (aged 21),7,3,Hearts of Oak
14,DF,Gideon Mensah,18 July 1998 (aged 24),12,0,Auxerre
15,DF,Joseph Aidoo,29 September 1995 (aged 27),11,0,Celta Vigo
16,GK,Abdul Manaf Nurudeen,8 February 1999 (aged 23),2,0,Eupen
17,DF,Baba Rahman,2 July 1994 (aged 28),48,1,Reading
18,DF,Daniel Amartey,21 December 1994 (aged 27),46,0,Leicester City
19,FW,Iñaki Williams,15 June 1994 (aged 28),3,0,Athletic Bilbao
20,MF,Mohammed Kudus,2 August 2000 (aged 22),18,5,Ajax
21,MF,Salis Abdul Samed,26 March 2000 (aged 22),1,0,Lens
22,MF,Kamaldeen Sulemana,15 February 2002 (aged 20),13,0,Rennes
23,DF,Alexander Djiku,9 August 1994 (aged 28),18,1,Strasbourg
24,MF,Kamal Sowah,9 January 2000 (aged 22),1,0,Club Brugge
25,FW,Antoine Semenyo,7 January 2000 (aged 22),4,1,Bristol City
26,DF,Alidu Seidu,4 June 2000 (aged 22),4,0,Clermont
1,GK,Rui Patrício,15 February 1988 (aged 34),105,0,Roma
2,DF,Diogo Dalot,18 March 1999 (aged 23),7,2,Manchester United
3,DF,Pepe,26 February 1983 (aged 39),129,7,Porto
4,DF,Rúben Dias,14 May 1997 (aged 25),40,2,Manchester City
5,DF,Raphaël Guerreiro,22 December 1993 (aged 28),57,3,Borussia Dortmund
6,MF,João Palhinha,9 July 1995 (aged 27),15,2,Fulham
7,FW,Cristiano Ronaldo (captain),5 February 1985 (aged 37),191,117,Manchester United
8,MF,Bruno Fernandes,8 September 1994 (aged 28),49,11,Manchester United
9,FW,André Silva,6 November 1995 (aged 27),52,19,RB Leipzig
10,FW,Bernardo Silva,10 August 1994 (aged 28),73,8,Manchester City
11,FW,João Félix,10 November 1999 (aged 23),24,3,Atlético Madrid
12,GK,José Sá,17 January 1993 (aged 29),0,0,Wolverhampton Wanderers
13,DF,Danilo Pereira,9 September 1991 (aged 31),63,2,Paris Saint-Germain
14,MF,William Carvalho,7 April 1992 (aged 30),76,5,Real Betis
15,FW,Rafael Leão,10 June 1999 (aged 23),11,0,Milan
16,MF,Vitinha,13 February 2000 (aged 22),5,0,Paris Saint-Germain
17,MF,João Mário,19 January 1993 (aged 29),53,3,Benfica
18,MF,Rúben Neves,13 March 1997 (aged 25),32,0,Wolverhampton Wanderers
19,DF,Nuno Mendes,19 June 2002 (aged 20),17,0,Paris Saint-Germain
20,DF,João Cancelo,27 May 1994 (aged 28),37,7,Manchester City
21,FW,Ricardo Horta,15 September 1994 (aged 28),6,1,Braga
22,GK,Diogo Costa,19 September 1999 (aged 23),7,0,Porto
23,MF,Matheus Nunes,27 August 1998 (aged 24),9,1,Wolverhampton Wanderers
24,DF,António Silva,30 October 2003 (aged 19),1,0,Benfica
25,MF,Otávio,9 February 1995 (aged 27),8,2,Porto
26,FW,Gonçalo Ramos,20 June 2001 (aged 21),1,1,Benfica
1,GK,Kim Seung-gyu,30 September 1990 (aged 32),67,0,Al-Shabab
2,DF,Yoon Jong-gyu,20 March 1998 (aged 24),4,0,FC Seoul
3,DF,Kim Jin-su,13 June 1992 (aged 30),61,2,Jeonbuk Hyundai Motors
4,DF,Kim Min-jae,15 November 1996 (aged 26),44,3,Napoli
5,MF,Jung Woo-young,14 December 1989 (aged 32),66,3,Al-Sadd
6,MF,Hwang In-beom,20 September 1996 (aged 26),37,4,Olympiacos
7,MF,Son Heung-min (captain),8 July 1992 (aged 30),104,35,Tottenham Hotspur
8,MF,Paik Seung-ho,17 March 1997 (aged 25),14,2,Jeonbuk Hyundai Motors
9,FW,Cho Gue-sung,25 January 1998 (aged 24),16,4,Jeonbuk Hyundai Motors
10,MF,Lee Jae-sung,10 August 1992 (aged 30),64,9,Mainz 05
11,MF,Hwang Hee-chan,26 January 1996 (aged 26),49,9,Wolverhampton Wanderers
12,GK,Song Bum-keun,15 October 1997 (aged 25),1,0,Jeonbuk Hyundai Motors
13,MF,Son Jun-ho,12 May 1992 (aged 30),15,0,Shandong Taishan
14,DF,Hong Chul,17 September 1990 (aged 32),46,1,Daegu FC
15,DF,Kim Moon-hwan,1 August 1995 (aged 27),22,0,Jeonbuk Hyundai Motors
16,FW,Hwang Ui-jo,28 August 1992 (aged 30),49,16,Olympiacos
17,MF,Na Sang-ho,12 August 1996 (aged 26),24,2,FC Seoul
18,MF,Lee Kang-in,19 February 2001 (aged 21),6,0,Mallorca
19,DF,Kim Young-gwon,27 February 1990 (aged 32),96,6,Ulsan Hyundai
20,DF,Kwon Kyung-won,31 January 1992 (aged 30),28,2,Gamba Osaka
21,GK,Jo Hyeon-woo,25 September 1991 (aged 31),22,0,Ulsan Hyundai
22,MF,Kwon Chang-hoon,30 June 1994 (aged 28),42,12,Gimcheon Sangmu
23,DF,Kim Tae-hwan,24 July 1989 (aged 33),19,0,Ulsan Hyundai
24,DF,Cho Yu-min,17 November 1996 (aged 26),4,0,Daejeon Hana Citizen
25,MF,Jeong Woo-yeong,20 September 1999 (aged 23),9,2,SC Freiburg
26,MF,Song Min-kyu,12 September 1999 (aged 23),13,1,Jeonbuk Hyundai Motors
1,GK,Fernando Muslera,16 June 1986 (aged 36),133,0,Galatasaray
2,DF,José Giménez,20 January 1995 (aged 27),78,8,Atlético Madrid
3,DF,Diego Godín (captain),16 February 1986 (aged 36),159,8,Vélez Sarsfield
4,DF,Ronald Araújo,7 March 1999 (aged 23),12,0,Barcelona
5,MF,Matías Vecino,24 August 1991 (aged 31),62,4,Lazio
6,MF,Rodrigo Bentancur,25 June 1997 (aged 25),51,1,Tottenham Hotspur
7,MF,Nicolás de la Cruz,1 June 1997 (aged 25),17,2,River Plate
8,FW,Facundo Pellistri,20 December 2001 (aged 20),7,0,Manchester United
9,FW,Luis Suárez,24 January 1987 (aged 35),134,68,Nacional
10,MF,Giorgian de Arrascaeta,1 June 1994 (aged 28),40,8,Flamengo
11,FW,Darwin Núñez,24 June 1999 (aged 23),13,3,Liverpool
12,GK,Sebastián Sosa,19 August 1986 (aged 36),1,0,Independiente
13,DF,Guillermo Varela,24 March 1993 (aged 29),9,0,Flamengo
14,MF,Lucas Torreira,11 February 1996 (aged 26),40,0,Galatasaray
15,MF,Federico Valverde,22 July 1998 (aged 24),44,4,Real Madrid
16,DF,Mathías Olivera,31 October 1997 (aged 25),8,0,Napoli
17,DF,Matías Viña,9 November 1997 (aged 25),26,0,Roma
18,FW,Maxi Gómez,14 August 1996 (aged 26),27,4,Trabzonspor
19,DF,Sebastián Coates,7 October 1990 (aged 32),47,1,Sporting CP
20,FW,Facundo Torres,13 April 2000 (aged 22),10,0,Orlando City SC
21,FW,Edinson Cavani,14 February 1987 (aged 35),133,58,Valencia
22,DF,Martín Cáceres,7 April 1987 (aged 35),115,4,LA Galaxy
23,GK,Sergio Rochet,23 March 1993 (aged 29),8,0,Nacional
24,MF,Agustín Canobbio,1 October 1998 (aged 24),3,0,Athletico Paranaense
25,MF,Manuel Ugarte,11 April 2001 (aged 21),6,0,Sporting CP
26,DF,José Luis Rodríguez,14 March 1997 (aged 25),0,0,Nacional
