No.,Player,Apps,Mins,Total,AccLB,InAccLB,AccSP,InAccSP,Rating
1,Bruno Fernandes,4,357,50.3,5.8,1.3,38.3,5,8.15
2,Lionel Messi,7,690,49.6,1.9,0.9,40.3,6.6,8.13
3,Kylian Mbappé,7,597,28.6,1,0.6,22.4,4.6,7.94
4,Wojciech Szczesny,4,360,32.3,10.3,14.5,7.5,-,7.88
5,Juan Pablo Vargas,1,90,19,1,3,14,1,7.72
6,Jean-Charles Castelletto,2,180,39.5,3,3,30,3.5,7.71
7,Bukayo Saka,4,293,25.3,0.5,0.3,19.5,5,7.68
8,Jamal Musiala,3,259,34.3,1,-,27,6.3,7.64
9,Jude Bellingham,5,415,51.8,2.6,0.8,44.2,4.2,7.58
10,Cody Gakpo,5,456,22,-,0.8,16.2,5,7.53
11,Mohammed Kudus,3,250,26.3,2,0.7,18,5.7,7.53
12,Antoine Griezmann,7,538,40.7,2.7,0.4,31.4,6.1,7.52
13,Paik Seung-Ho,1,25,27,1,-,19,7,7.50
14,Eduardo Camavinga,2,139,44,0.5,2.5,37.5,3.5,7.49
15,Neymar,3,281,47.3,0.7,0.3,37.7,8.7,7.45
16,Casemiro,4,390,62,2.8,2.5,48.8,8,7.43
17,Richarlison,4,326,14,-,0.3,10,3.8,7.41
18,Nader Ghandri,1,90,33,-,2,27,4,7.40
19,Devis Epassy,2,180,36,12.5,12.5,11,-,7.39
20,Giorgian de Arrascaeta,2,108,22.5,-,2,15,5.5,7.37
21,Harry Maguire,5,430,81.2,6.6,4.4,64.2,6,7.35
22,Harry Kane,5,404,18,0.8,-,11.2,6,7.34
23,César Azpilicueta,2,136,83,3.5,1,76,2.5,7.32
24,Mehdi Taremi,3,270,26,1,0.3,18.3,6.3,7.31
25,Edson Álvarez,2,176,57,1,4.5,42,9.5,7.31
26,Serge Gnabry,3,265,35,-,-,26.3,8.7,7.31
27,Rodri,4,390,171,6.5,4.3,153,7.3,7.31
28,Enner Valencia,3,257,17.7,-,0.3,12.3,5,7.30
29,Mohammed Al Owais,3,270,28.7,6.3,14.3,8,-,7.27
30,Frenkie de Jong,5,476,71.6,2,1.4,61.8,6.4,7.27
31,Diogo Dalot,3,259,39.7,2.7,2.7,29,5.3,7.27
32,Enzo Ebosse,1,90,37,4,2,30,1,7.26
33,Jordi Alba,4,266,80.5,2.5,1.3,70.8,6,7.26
34,Munir Mohamedi,1,90,24,5,9,10,-,7.26
35,Rodrigo Bentancur,3,214,52,1.3,1,43,6.7,7.24
36,Ramin Rezaeian,2,180,38.5,3.5,8,25,2,7.23
37,Theo Hernández,6,508,46.7,2.5,1.8,38,4.3,7.22
38,Simon Kjaer,1,65,59,5,2,45,7,7.22
39,Olivier Giroud,6,424,12.2,0.2,-,7.8,4.2,7.21
40,Vinícius Júnior,4,302,19,0.3,-,16.3,2.5,7.20
41,Daley Blind,5,424,53,3,2.2,42,5.8,7.19
42,David Raum,3,244,48,1.7,2,40.3,4,7.19
43,Adrien Rabiot,6,483,45.7,1.5,1.2,37.3,5.7,7.18
44,Kai Havertz,2,103,16,0.5,-,12.5,3,7.18
45,Ritsu Doan,4,218,11.5,0.5,0.5,7.5,3,7.17
46,Robert Lewandowski,4,360,21.8,0.5,0.3,14.8,6.3,7.16
47,Joshua Kimmich,3,270,80,6.3,1.7,66.3,5.7,7.15
48,Enzo Fernández,7,563,66.9,2.3,2.1,56.3,6.1,7.15
49,Phil Foden,4,259,25.5,0.5,0.5,20.3,4.3,7.15
50,Alex Sandro,3,191,47.7,-,1.3,43.7,2.7,7.14
51,Dani Olmo,4,368,46.8,1,0.5,39,6.3,7.14
52,Yasir Al Shahrani,1,90,22,1,5,8,8,7.13
53,Lucas Paquetá,4,317,47.8,1,1,39.5,6.3,7.13
54,Andreas Christensen,3,270,83.7,5,2,74,2.7,7.12
55,Ángel Di María,5,290,27.6,0.8,0.4,23.4,3,7.12
56,Thibaut Courtois,3,270,36,3.7,5,27.3,-,7.11
57,Alexis Mac Allister,6,555,43.8,0.8,0.7,38.2,4.2,7.11
58,Luis Chávez,3,270,39.7,3.7,2.7,27.3,6,7.10
59,João Félix,4,333,28.8,0.8,1,21.3,5.8,7.10
60,Leroy Sané,2,110,28,0.5,0.5,22.5,4.5,7.10
61,Cheikhou Kouyaté,1,73,21,-,1,18,2,7.09
62,Ivan Perisic,7,672,32.7,0.7,1.7,23.7,6.6,7.08
63,Henry Martín,2,148,9,-,-,6.5,2.5,7.08
64,Christian Pulisic,4,316,27.5,1.3,1,18.8,6.5,7.07
65,Thiago Silva,4,390,85.8,4.5,2.3,75.8,3.3,7.07
66,Eric Choupo-Moting,3,254,22,0.7,-,14,7.3,7.07
67,Silvan Widmer,3,266,46,0.7,3.7,34,7.7,7.04
68,Randal Kolo Muani,3,180,13.7,-,-,8.3,5.3,7.03
69,Mathías Olivera,3,255,34,1,2,24.3,6.7,7.03
70,Andries Noppert,5,480,31.6,6,6.8,18.6,0.2,7.02
71,Aurélien Tchouaméni,7,623,66.9,1.7,1.6,58.7,4.9,7.02
72,Álvaro Morata,4,183,10.3,0.8,0.5,6.3,2.8,7.02
73,Ismaïla Sarr,4,344,17.5,-,0.5,11.8,5.3,7.02
74,Mateo Kovacic,7,640,65.1,2.4,1.4,56.7,4.6,7.00
75,Leander Dendoncker,2,162,60.5,0.5,0.5,58.5,1,7.00
76,Andrija Zivkovic,3,213,23.7,-,2,19.7,2,6.99
77,Cho Gue-Sung,4,276,15.5,0.3,0.5,9.8,5,6.99
78,Jurriën Timber,4,390,76.8,1.8,3.5,67.8,3.8,6.99
79,Hirving Lozano,3,253,16.7,0.3,0.7,11.7,4,6.99
80,Gonçalo Ramos,4,153,7.8,-,-,6.3,1.5,6.98
81,Gavi,4,287,37.5,0.5,0.8,32.5,3.8,6.98
82,Federico Valverde,3,270,60,4.7,2.7,47,5.7,6.98
83,Ibrahima Konaté,5,293,46.6,2.8,1.4,40,2.4,6.98
84,Pedri,4,357,107.5,6.5,1.3,91.3,8.5,6.97
85,Julián Álvarez,7,467,16.6,0.6,-,12.3,3.7,6.97
86,Ilkay Gündogan,3,192,55.7,2,1,48,4.7,6.96
87,Raphaël Guerreiro,4,279,36.5,0.8,-,31.5,4.3,6.96
88,Jan Vertonghen,3,270,89.3,2.3,4.7,77,5.3,6.96
89,Pepe,4,360,72.5,4,5.3,56.8,6.5,6.96
90,Dejan Lovren,6,600,75.8,4.5,3,62.7,5.7,6.95
91,Borna Barisic,1,120,47,-,-,38,9,6.95
92,Aleksandar Mitrovic,3,263,22.3,1,0.3,17,4,6.95
93,Achraf Hakimi,7,633,43.1,1.9,1.4,34,5.9,6.94
94,Harry Souttar,4,360,41.8,3,5,31.5,2.3,6.94
95,Marcus Rashford,5,137,12.8,0.2,0.2,9.4,3,6.94
96,Josko Gvardiol,7,690,73.6,3.4,2.1,62.7,5.3,6.94
97,Otávio,3,199,40,1.7,1.7,29.7,7,6.93
98,Kalidou Koulibaly,4,360,51.3,4.3,8,34.8,4.3,6.93
99,Cameron Carter-Vickers,1,90,58,4,1,46,7,6.93
100,Carlos Soler,2,90,39,1.5,-,36,1.5,6.93
101,Luke Shaw,5,425,68.8,1.8,1.8,57.4,7.8,6.93
102,Ellyes Skhiri,3,270,41.3,2.7,2,33.3,3.3,6.92
103,Nuno Mendes,1,42,25,1,1,22,1,6.92
104,João Cancelo,4,309,57.3,2.3,1.8,45,8.3,6.92
105,Dusan Tadic,3,258,35.7,0.3,0.7,27.7,7,6.92
106,Kieran Trippier,3,205,54.3,1.7,1.7,45,6,6.92
107,Luka Modric,7,656,73.9,4,1.4,61.4,7,6.91
108,Diego Godín,2,152,51.5,3.5,2,40,6,6.91
109,Pervis Estupiñán,3,270,47,2,2.7,36.3,6,6.91
110,Aymeric Laporte,3,300,145,3.3,3.3,133.3,5,6.90
111,Declan Rice,5,418,63.6,2.8,0.8,57.2,2.8,6.90
112,Montassar Talbi,3,270,45.7,4.7,2,34.7,4.3,6.90
113,Mohamed Ali Ben Romdhane,1,74,20,-,-,14,6,6.90
114,Famara Diédhiou,2,92,7,-,-,5,2,6.90
115,Toby Alderweireld,3,270,90.3,5.3,5.3,77.3,2.3,6.89
116,Denzel Dumfries,5,480,31.8,0.8,2.2,21.8,7,6.89
117,Angelo Preciado,3,265,30.7,0.7,2.7,23,4.3,6.89
118,Gideon Mensah,1,88,39,2,4,29,4,6.89
119,Jerome Mbekeli,1,4,-,-,-,-,-,6.89
120,Virgil van Dijk,5,480,71,4.2,3.6,58,5.2,6.89
121,Kevin De Bruyne,3,270,37.3,2,1.7,25.3,8.3,6.88
122,Vincent Aboubakar,3,141,10.3,0.3,-,6.3,3.7,6.88
123,César Montes,3,270,64.7,4,5.7,48.7,6.3,6.87
124,Orbelín Pineda,1,77,25,1,1,17,6,6.87
125,Youssouf Sabaly,4,360,46,2.5,2,37.5,4,6.87
126,Yassine Meriah,3,270,56,2,5.7,44,4.3,6.87
127,Raphinha,5,317,24.8,1.2,0.6,19.4,3.6,6.87
128,Mohammed Salisu,3,270,50.3,1,7,35.3,7,6.86
129,Niclas Füllkrug,3,66,8,-,0.3,5,2.7,6.86
130,Ko Itakura,3,270,37,1.3,2,31.3,2.3,6.86
131,Ousmane Dembélé,7,438,24.4,1,0.9,18.6,4,6.86
132,Nouhou Tolo,3,270,27.7,2,2,20,3.7,6.86
133,Piotr Zielinski,4,330,34.3,1,1.5,27.8,4,6.86
134,Jules Koundé,6,481,43.8,2,1.3,34.3,6.2,6.85
135,Youssef En-Nesyri,7,547,11.3,0.3,0.1,6.9,4,6.85
136,Mohammed Kanno,3,270,49,2.3,1.7,37.3,7.7,6.85
137,Youssef Msakni,2,170,32,1,1.5,22.5,7,6.85
138,José Giménez,3,270,56.7,5,4,41.7,6,6.84
139,Nathan Aké,5,480,67.6,2.2,2.8,58.6,4,6.84
140,Tyler Adams,4,360,66,4.5,1,55,5.5,6.84
141,Maya Yoshida,4,390,58,3.3,5.3,46.3,3.3,6.83
142,Hakim Ziyech,7,638,37.9,2.7,2.4,26.6,6.1,6.81
143,Matt Turner,4,360,26,4.5,6.8,14.8,-,6.81
144,Félix Torres,3,270,68.7,4.3,6,51.7,6.7,6.81
145,Nicolás Otamendi,7,690,82.1,1.7,1.4,74,5,6.80
146,Olivier Ntcham,1,22,12,-,-,11,1,6.80
147,Salem Al Dawsari,3,270,35.3,2,1,26.3,6,6.80
148,Marcelo Brozovic,6,554,87.5,4,0.8,73.7,9,6.80
149,Aziz Behich,4,360,38.5,0.5,4.8,29,4.3,6.80
150,Marcos Acuña,6,374,28.8,0.8,0.8,22.7,4.5,6.79
151,Aïssa Laïdouni,3,245,39.3,1.7,1,30.3,6.3,6.79
152,Aymen Dahmen,3,270,23.3,5.7,9.3,8.3,-,6.79
153,Christopher Wooh,1,90,31,2,5,23,1,6.79
154,Jordan Henderson,4,272,38.3,1,0.8,32.5,4,6.79
155,Hwang Hee-Chan,2,114,26.5,-,1,21.5,4,6.78
156,Éder Militão,4,349,63.8,3.8,2,54.5,3.5,6.78
157,Kim Moon-Hwan,4,360,46,1.3,0.3,38.8,5.8,6.78
158,Alphonso Davies,3,270,28.7,0.7,1,21.7,5.3,6.77
159,Thilo Kehrer,1,70,24,1,-,18,5,6.77
160,Noussair Mazraoui,5,368,19.6,0.6,1.6,15.6,1.8,6.77
161,Nico Elvedi,2,180,71,2.5,0.5,63,5,6.77
162,Pierre-Emile Højbjerg,3,270,73.7,7.7,3.7,58.3,4,6.76
163,Wataru Endo,4,303,47.5,1,2.3,37.5,6.8,6.76
164,Axel Witsel,3,270,58.7,1.7,0.3,54.3,2.3,6.76
165,Wahbi Khazri,2,83,8.5,0.5,1,6,1,6.76
166,Vanja Milinkovic-Savic,3,270,34.7,6,11.3,17,0.3,6.76
167,Danilo,3,282,79.7,1,2.7,69.3,6.7,6.75
168,Hugo Lloris,6,570,26.5,6.2,11.5,8.5,0.3,6.75
169,Kyle Walker,3,237,52.7,4.7,1.7,43.3,3,6.75
170,Jorge Sánchez,2,176,30,0.5,3,23,3.5,6.74
171,Sergej Milinkovic-Savic,3,236,39.7,1.3,2,27.3,9,6.74
172,Kim Jin-Su,4,316,25,1,1.8,18.3,4,6.74
173,Davy Klaassen,4,192,18.8,-,0.3,14.8,3.8,6.73
174,Romain Saïss,6,468,33,2.8,3.8,23.7,2.7,6.73
175,André-Frank Zambo Anguissa,3,261,42.3,1,0.7,36.3,4.3,6.73
176,Borna Sosa,5,426,43.6,0.6,1.8,36,5.2,6.73
177,Dominik Livakovic,7,690,26,5.4,4.9,15.7,-,6.73
178,Pierre Kunde,2,135,22,2,2,16,2,6.73
179,Azzedine Ounahi,7,571,36.9,1.1,0.6,29.6,5.6,6.72
180,John Stones,5,437,90.6,5.6,1.6,81.2,2.2,6.72
181,Thomas Partey,3,270,58.3,2.3,2.3,46.3,7.3,6.72
182,Marquinhos,5,426,72.8,0.8,1.2,69,1.8,6.72
183,Josip Juranovic,6,600,52.7,1.8,1.3,42.3,7.2,6.72
184,Hossein Hosseini,2,160,15.5,3.5,11,1,-,6.72
185,Saleh Al Shehri,3,226,15.3,0.7,-,9,5.7,6.71
186,Rodrigo De Paul,7,602,77,2,2.4,64,8.6,6.71
187,Kye Rowles,4,360,46.5,2.8,1,38.5,4.3,6.71
188,Joachim Andersen,3,270,82.7,7.3,8,58.7,8.7,6.71
189,Xherdan Shaqiri,3,231,29,1,1.7,20.7,5.7,6.71
190,Gonzalo Plata,3,270,28,0.3,2,23.7,2,6.71
191,Dusan Vlahovic,2,79,5.5,0.5,0.5,2.5,2,6.71
192,Fran Karacic,2,93,19,3,1,8.5,6.5,6.70
193,Josip Stanisic,1,90,41,2,2,28,9,6.70
194,Junya Ito,4,323,18,-,1.5,12,4.5,6.70
195,Antonee Robinson,4,360,47,2,2,35.3,7.8,6.70
196,Nayef Aguerd,4,354,39.5,3.5,3,30.8,2.3,6.70
197,Kasper Schmeichel,3,270,24.7,5.3,5,14.3,-,6.69
198,Sergio Busquets,4,364,72,2.8,0.5,62.3,6.5,6.69
199,Ethan Ampadu,3,257,45.3,3.7,2.3,30.7,8.7,6.68
200,Raheem Sterling,3,150,17.7,-,-,15,2.7,6.68
201,Kaoru Mitoma,4,162,14.3,0.5,1.3,9.8,2.8,6.68
202,Miki Yamane,1,62,26,-,1,20,5,6.68
203,Yunus Musah,4,345,43,1.3,0.8,36,5,6.68
204,Thomas Meunier,3,213,42,3.7,3,29,6.3,6.67
205,Yann Sommer,3,270,33.7,4.3,2.7,26.7,-,6.67
206,Sofiane Boufal,7,482,17.7,1.1,0.6,12.4,3.6,6.67
207,Dayot Upamecano,5,480,69.6,6,3.8,56.6,3.2,6.67
208,Tim Ream,4,360,68.5,4,2.8,56.8,5,6.66
209,Yeltsin Tejeda,3,270,32.7,2,1.3,24,5.3,6.66
210,Ali Abdi,3,187,27.7,1,4,16,6.7,6.66
211,Jesús Gallardo,3,270,34.7,1.3,2.7,23.7,7,6.65
212,Strahinja Pavlovic,3,236,51,1.3,2.7,38.3,8.7,6.65
213,Abdullah Madu,1,45,13,1,2,4,6,6.65
214,Christian Eriksen,3,270,65.3,6,1.7,52.7,5,6.65
215,Mathew Leckie,4,336,24.3,0.3,0.5,16.3,7.3,6.65
216,Son Heung-Min,4,360,23,0.8,1.8,17,3.5,6.65
217,Sergiño Dest,4,309,42.3,1.5,1.5,36.5,2.8,6.65
218,Leandro Paredes,5,224,48.8,1.8,1,44,2,6.64
219,Daniel Amartey,3,270,47,4.3,1.3,38.3,3,6.64
220,Ismail Jakobs,4,279,27.3,-,1.3,19.8,6.3,6.64
221,Achraf Dari,3,187,37,1.7,2,31.3,2,6.63
222,Rafael Leão,5,83,8.2,-,0.8,6.2,1.2,6.63
223,Mitchell Duke,4,274,15.5,0.3,0.3,8.8,6.3,6.63
224,Ao Tanaka,3,173,22.3,1,1.3,14.7,5.3,6.62
225,Cristian Romero,7,548,53.3,2,1.4,45.9,4,6.62
226,Aaron Mooy,4,360,51.8,3.3,2.5,38.8,7.3,6.61
227,Shuichi Gonda,4,390,25,3.5,10.8,10.5,0.3,6.61
228,Mohamed Dräger,2,134,15,0.5,1.5,9,4,6.61
229,Stephen Eustáquio,2,127,46,2,2,39.5,2.5,6.61
230,Keysher Fuller,3,254,18,0.7,2,12,3.3,6.61
231,Morteza Pouraliganji,3,270,42,3.7,5.3,27,6,6.61
232,Grzegorz Krychowiak,4,334,31.5,2,3,21.3,5.3,6.61
233,Sergio Rochet,3,270,24,2.7,7.7,13.3,0.3,6.60
234,Walker Zimmerman,4,278,60.5,3.3,3.8,50.8,2.8,6.60
235,Naïm Sliti,2,113,18,-,0.5,13,4.5,6.60
236,Celso Borges,3,251,38.7,1.7,1.3,31,4.7,6.59
237,Guido Rodríguez,1,57,64,2,2,52,8,6.59
238,Hassan Tambakti,2,180,27.5,2,4.5,18,3,6.59
239,Karol Swiderski,1,46,7,1,-,6,-,6.59
240,Shogo Taniguchi,2,210,41,3,2.5,31.5,4,6.59
241,Thomas Delaney,1,46,28,-,1,23,4,6.59
242,Jawad El Yamiq,6,308,27,0.7,0.8,23.3,2.2,6.59
243,Jhegson Méndez,2,180,68.5,3,1.5,61,3,6.59
244,Manuel Akanji,4,360,64,5.8,3,51,4.3,6.59
245,Mohammed Muntari,3,60,6.3,-,0.3,5.7,0.3,6.58
246,Niklas Süle,3,270,81.3,4,1.7,70.3,5.3,6.58
247,Joel Campbell,3,270,42,2,2,31.3,6.7,6.58
248,Kendall Waston,3,225,23.7,2.3,2.3,16.7,2.3,6.58
249,Ederson,1,90,21,3,1,16,1,6.58
250,Riyadh Sharahili,1,53,17,-,-,14,3,6.58
251,Sofyan Amrabat,7,660,44.9,1.9,1.3,36.4,5.3,6.58
252,Wout Weghorst,4,61,3.8,-,-,2.3,1.5,6.58
253,Breel Embolo,4,327,15.3,0.3,0.3,11.3,3.5,6.58
254,Daizen Maeda,3,183,5.7,-,-,2.7,3,6.58
255,William Carvalho,4,214,42.3,1.3,0.8,37.8,2.5,6.58
256,Teun Koopmeiners,5,217,22.8,1,1.2,17,3.6,6.57
257,Kim Seung-Gyu,4,360,29,4.3,8.3,16,0.5,6.57
258,Nico Schlotterbeck,2,93,59,1,3.5,53,1.5,6.57
259,Victor Nelsson,1,90,74,4,1,65,4,6.57
260,Granit Xhaka,4,360,60.5,4.8,2.8,48.8,4.3,6.57
261,Jordan Pickford,5,450,29,4.6,6.6,17.8,-,6.57
262,Kim Young-Gwon,4,351,51.8,5,5.3,39.3,2.3,6.57
263,Michael Estrada,3,228,16,0.7,-,8.7,6.7,6.56
264,Ali Gholizadeh,3,200,21.7,0.3,2,14,5.3,6.56
265,Andrés Guardado,1,42,16,1,1,10,4,6.56
266,Rasmus Kristensen,3,226,48.3,0.3,2,38,8,6.56
267,Andrej Kramaric,7,481,23.9,0.7,0.4,20.4,2.3,6.55
268,Ali Maâloul,1,90,37,4,4,23,6,6.55
269,Dani Alves,2,117,40,1.5,0.5,34,4,6.55
270,Sebastián Coates,2,180,46.5,3,3.5,35,5,6.55
271,Mathew Ryan,4,360,37.8,10.8,12.8,14.3,-,6.54
272,Marcus Thuram,5,147,7.8,0.2,0.2,5.2,2.2,6.54
273,Alireza Beiranvand,2,110,14,3,5.5,5.5,-,6.54
274,Héctor Herrera,2,161,37,2,1,29.5,4.5,6.54
275,Majid Hosseini,3,270,35,2.7,3.3,25.7,3.3,6.54
276,Steve Mandanda,1,90,25,2,12,11,-,6.54
277,Saeid Ezatolahi,3,218,28,4.7,2,17,4.3,6.54
278,Timothy Castagne,3,270,61.3,3.7,1.3,50.3,6,6.53
279,Chris Mepham,3,270,56.7,3,5.3,43.3,5,6.53
280,Thorgan Hazard,2,106,21,1,-,15,5,6.53
281,Lisandro Martínez,5,301,30.6,1.4,2,25,2.2,6.53
282,Timothy Weah,4,320,24.8,0.8,0.5,20.8,2.8,6.53
283,Ismaeel Mohammad,2,175,24,1.5,1,17.5,4,6.53
284,Andreas Cornelius,3,91,11,-,-,7,4,6.52
285,Nahuel Molina,7,570,41.1,0.9,1.4,32.3,6.6,6.52
286,Jack Grealish,5,81,10.8,0.2,-,9.4,1.2,6.52
287,Mislav Orsic,6,161,8.2,-,-,6.5,1.7,6.52
288,Alisson,4,380,20.3,1.5,2.5,15.5,0.8,6.52
289,Hong Chul,1,45,16,2,-,13,1,6.52
290,Memphis Depay,5,300,23.6,0.6,0.4,17.6,5,6.52
291,Roozbeh Cheshmi,2,58,5.5,-,0.5,3.5,1.5,6.52
292,Harry Wilson,3,161,18.3,1.3,0.7,13.3,3,6.51
293,Gareth Bale,3,226,16.3,0.7,1,10,4.7,6.51
294,Idrissa Gueye,3,270,37.7,1,0.3,33.7,2.7,6.51
295,Hiroki Sakai,2,120,15.5,1.5,0.5,8,5.5,6.51
296,Krystian Bielik,4,216,24.8,2.3,1.3,19.3,2,6.51
297,Boulaye Dia,4,321,12.8,0.3,-,9.5,3,6.51
298,Bryan Mbeumo,3,226,24.3,0.3,0.7,15,8.3,6.50
299,Lawrence Ati-Zigi,3,270,23.3,4.3,8,11,-,6.50
300,Przemyslaw Frankowski,4,241,16.3,0.5,1.3,11.3,3.3,6.50
301,Yassine Bounou,6,570,31.8,6,8.5,17.2,0.2,6.50
302,Sebastian Szymanski,2,136,19,0.5,1,12,5.5,6.50
303,Rúben Dias,4,360,68.3,2,3.8,59.8,2.8,6.50
304,Marko Livaja,6,242,9.5,0.2,0.2,5.7,3.5,6.50
305,Marco Asensio,4,231,27.3,0.8,-,21.3,5.3,6.49
306,Eden Hazard,3,125,19,0.3,0.3,15,3.3,6.49
307,Iliman Ndiaye,3,137,9.7,-,-,8,1.7,6.49
308,Luis Suárez,3,147,13.3,0.3,0.7,8,4.3,6.48
309,Lee Kang-In,4,146,16.3,1,0.5,14,0.8,6.48
310,Kamil Glik,4,360,32.5,1.8,2.5,27.8,0.5,6.48
311,Guillermo Ochoa,3,270,31.7,5,4.7,22,-,6.48
312,Nicolás Tagliafico,6,372,23.8,0.3,1.2,19.7,2.7,6.48
313,Ricardo Horta,3,117,13.3,-,0.3,10,3,6.48
314,Alidu Seidu,2,156,29,-,1.5,23.5,4,6.47
315,Anis Ben Slimane,2,150,17.5,-,1,12.5,4,6.47
316,Fabinho,1,90,57,5,1,46,5,6.47
317,Luuk de Jong,1,56,12,-,1,8,3,6.47
318,Na Sang-Ho,2,120,14,0.5,0.5,10.5,2.5,6.47
319,Bruno Petkovic,6,231,12.2,0.5,0.7,6,5,6.47
320,Craig Goodwin,4,236,18.3,0.8,0.8,12,4.8,6.47
321,Osman Bukari,2,58,9,-,0.5,7,1.5,6.47
322,Gabriel Jesus,3,92,8.7,-,-,7,1.7,6.46
323,Junior Hoilett,3,162,14.7,0.3,0.7,12,1.7,6.46
324,Pedro Miguel,3,263,31,1,4.7,21,4.3,6.46
325,Mason Mount,4,186,17.5,1.3,-,14,2.3,6.46
326,Joakim Maehle,3,250,39,1.3,2.3,30,5.3,6.46
327,Milos Degenek,4,183,18.5,1,2.3,12.5,2.8,6.46
328,Raphaël Varane,6,521,47.3,2,2.7,40.5,2.2,6.46
329,Haji Wright,4,135,6.5,-,0.3,5,1.3,6.46
330,Nikola Milenkovic,3,270,53.3,3,2.7,43.7,4,6.46
331,Kwon Kyung-Won,2,91,21.5,2,0.5,17.5,1.5,6.46
332,Jordan Ayew,3,137,12,-,0.3,10.7,1,6.45
333,Piero Hincapié,3,270,65,5,5.3,50.3,4.3,6.45
334,Martin Hongla,2,123,29.5,2,1,22.5,4,6.45
335,Michy Batshuayi,2,153,12,-,-,8,4,6.45
336,Bernardo Silva,5,358,56.8,2.2,1.8,48.4,4.4,6.45
337,Kieffer Moore,3,225,18.7,0.7,-,11.3,6.7,6.45
338,Alexander Bah,2,46,21,-,2,15.5,3.5,6.45
339,Daichi Kamada,4,324,24.5,1.5,-,18.8,4.3,6.44
340,Moumi Ngamaleu,2,95,11.5,-,-,9.5,2,6.44
341,Callum Wilson,2,46,5,-,-,4.5,0.5,6.44
342,Ferran Torres,4,219,19,-,0.3,14.5,4.3,6.44
343,Mathias Jensen,2,84,31,1.5,2.5,24,3,6.44
344,Vitinha,3,118,34.7,2,-,30.7,2,6.44
345,Matthijs de Ligt,2,91,22.5,2.5,-,18,2,6.44
346,Christian Fassnacht,1,7,10,-,-,7,3,6.43
347,Jackson Irvine,4,355,31.3,0.5,1.3,25,4.5,6.43
348,Martín Cáceres,1,90,67,6,5,51,5,6.43
349,Nemanja Maksimovic,3,120,18.3,-,0.7,16,1.7,6.43
350,Salis Abdul Samed,3,252,47.3,1,1,42,3.3,6.43
351,Yannick Carrasco,2,118,21,-,0.5,19,1.5,6.43
352,Rubén Vargas,4,289,24,-,0.3,17.5,6.3,6.43
353,Collins Fai,3,270,36.3,2,3.7,23.7,7,6.43
354,Pape Gueye,3,152,20,2,1.7,12.7,3.7,6.43
355,Feras Al Brikan,3,269,20,-,-,14,6,6.42
356,Bartosz Bereszynski,4,342,28.3,1,2.8,21,3.5,6.42
357,Emiliano Martínez,7,690,21.7,2,9.4,10.3,-,6.42
358,Ahmad Noorollahi,3,226,16.7,0.7,1.3,11,3.7,6.42
359,Rodrygo,5,179,20.2,0.2,0.4,17.2,2.4,6.42
360,Connor Roberts,3,201,30.7,3.3,1.7,21.7,4,6.42
361,Pablo Sarabia,1,2,2,-,-,1,1,6.41
362,Steven Berghuis,4,199,29,2.5,0.8,20.8,5,6.41
363,Atiba Hutchinson,3,162,37.3,0.3,0.3,33,3.7,6.40
364,Kim Min-Jae,3,270,63,5,3,50.7,4.3,6.40
365,Yahya Attiat-Allah,6,317,17.3,0.5,1.3,12.7,2.8,6.40
366,Bassam Al Rawi,1,90,57,5,6,42,4,6.40
367,Benjamin Pavard,1,89,84,1,2,76,5,6.40
368,Marko Grujic,1,11,16,-,-,13,3,6.40
369,Josh Sargent,3,158,10.7,-,-,9.7,1,6.40
370,Moisés Caicedo,3,270,51,0.3,1.7,41.7,7.3,6.40
371,Marten de Roon,5,187,23.4,0.6,-,18.6,4.2,6.40
372,Romario Ibarra,2,69,7,-,-,5,2,6.40
373,Abdelhamid Sabiri,5,179,11.4,1,0.8,7.8,1.8,6.39
374,Hidemasa Morita,3,286,51,3,1.3,39.3,7.3,6.39
375,Selim Amallah,7,409,12.1,0.3,0.3,9,2.6,6.39
376,Antony,4,170,24.8,0.5,-,21,3.3,6.39
377,Mehdi Torabi,3,59,11.7,0.3,0.7,9.3,1.3,6.39
378,Thomas Müller,3,203,23,0.3,0.3,16.7,5.7,6.39
379,Nicolas Nkoulou,2,180,45,3.5,4,36,1.5,6.39
380,Iñaki Williams,3,252,13.7,0.3,-,9.3,4,6.38
381,André Onana,1,90,53,5,14,34,-,6.38
382,Axel Disasi,3,92,20,-,1,14.7,4.3,6.38
383,Jae-Sung Lee,3,214,32,1,-,27,4,6.38
384,Son Jun-Ho,3,70,19.7,2.7,0.7,15.7,0.7,6.38
385,Matías Vecino,3,196,35,1,0.7,24.3,9,6.38
386,Neco Williams,3,205,23.3,1.3,2.3,14,5.7,6.38
387,Jakub Kiwior,4,356,51.3,3.8,5.8,39.8,2,6.38
388,Matty Cash,4,360,30.3,1.3,1.8,23,4.3,6.38
389,Papu Gómez,2,109,28,0.5,-,26,1.5,6.37
390,Nasser Al,"24,",Midfielder,1,4,10,-,-,10
391,Jakub Kaminski,4,233,13.8,-,0.3,8.3,5.3,6.37
392,Weston McKennie,4,275,35.5,2.3,1,25.3,7,6.36
393,Josip Sutalo,1,90,66,2,1,60,3,6.36
394,William Saliba,1,27,37,1,-,36,-,6.36
395,Ferjani Sassi,2,47,16.5,1,1.5,11.5,2.5,6.36
396,Jackson Porozo,2,95,21.5,1.5,1,18,1,6.36
397,Saud Abdulhamid,3,270,29,0.7,1.3,21.7,5.3,6.35
398,Jeremy Sarmiento,3,83,10,-,1,6.7,2.3,6.35
399,Paulo Dybala,2,17,6,-,-,4,2,6.35
400,Djibril Sow,4,269,24,1.3,0.5,19.8,2.5,6.35
401,Pape Sarr,2,58,19,1.5,-,15.5,2,6.35
402,Guillermo Varela,3,182,22.3,2,3,13.7,3.7,6.34
403,Youssouf Fofana,6,225,18.7,0.3,0.8,15.7,1.8,6.34
404,Karl Toko Ekambi,3,167,16.7,1,0.3,13,2.3,6.34
405,Milad Mohammadi,3,201,18,0.7,2.3,10.7,4.3,6.34
406,Kingsley Coman,6,166,9.7,0.2,-,8.3,1.2,6.34
407,Lukas Klostermann,2,65,22,1,-,21,-,6.34
408,Christian Bassogog,1,24,7,-,-,5,2,6.33
409,Kamil Grosicki,1,3,3,-,-,3,-,6.33
410,Mario Götze,2,34,10.5,-,-,9.5,1,6.33
411,Zakaria Aboukhlal,4,73,3,-,0.3,1.5,1.3,6.33
412,Fabian Schär,2,136,41,4,5.5,28.5,3,6.33
413,Hattan Bahbri,2,3,3.5,-,-,2,1.5,6.33
414,Riley McGree,4,269,17.5,0.3,0.3,13.3,3.8,6.32
415,Fred,4,144,20.5,1,-,16.5,3,6.32
416,Abdulelah Al Amri,3,182,34,4.7,4,19.7,5.7,6.31
417,Antonio Rüdiger,3,270,83,2.7,3.3,73,4,6.31
418,Bruno Guimarães,2,67,25,1.5,0.5,19.5,3.5,6.31
419,Akram Afif,3,270,49.7,4,0.7,40.3,4.7,6.31
420,Nico Williams,4,146,13.5,0.8,-,11.3,1.5,6.31
421,Rúben Neves,5,271,50.8,3.6,1.6,43.4,2.2,6.30
422,Pathé Ciss,3,146,19,1,0.3,14.3,3.3,6.30
423,Maximiliano Gómez,2,28,3.5,-,-,2.5,1,6.30
424,Wayne Hennessey,2,176,24,6,8,10,-,6.30
425,Danilo Pereira,1,90,78,5,5,63,5,6.30
426,Ghaylen Chaalali,1,16,4,-,-,3,1,6.30
427,Jérémy Doku,1,18,11,-,-,8,3,6.30
428,Noa Lang,1,7,2,1,-,-,1,6.30
429,Abdou Diallo,4,332,43.5,3.5,5.3,30,4.8,6.30
430,Mario Pasalic,7,268,13.4,0.4,0.1,10.3,2.6,6.30
431,Youri Tielemans,3,95,20.3,1,1,16,2.3,6.30
432,Alex Telles,2,58,18,-,0.5,15,2.5,6.29
433,Denis Odoi,1,12,1,-,-,1,-,6.29
434,Dylan Bronn,2,163,46,2.5,7,32.5,4,6.29
435,Richie Laryea,3,161,15,0.7,-,10.7,3.7,6.29
436,Youstin Salas,2,46,7.5,0.5,0.5,5,1.5,6.29
437,Gabriel Martinelli,3,111,12,-,-,9.7,2.3,6.29
438,Lovro Majer,7,128,12.7,0.1,0.1,10.4,2,6.29
439,Bremer,2,108,40.5,1.5,0.5,37,1.5,6.29
440,Facundo Pellistri,3,182,14.3,0.3,0.3,10,3.7,6.28
441,Cristiano Ronaldo,5,291,17.2,-,-,13,4.2,6.28
442,Tajon Buchanan,3,261,24.3,0.3,1,17,6,6.28
443,Alexander Djiku,2,97,14,1,2,10,1,6.28
444,Martin Braithwaite,2,104,10,0.5,-,6.5,3,6.28
445,Darwin Núñez,3,242,17,0.7,0.7,10,5.7,6.28
446,Ehsan Hajisafi,3,239,26.7,1.3,3,17.3,5,6.27
447,Joe Rodon,3,270,56.3,2.3,2,48.3,3.7,6.27
448,Takehiro Tomiyasu,3,186,32,1.3,4.3,21.7,4.7,6.27
449,Sardar Azmoun,3,127,9.7,-,-,6,3.7,6.27
450,Daniel Carvajal,2,135,58,5.5,-,46,6.5,6.27
451,Krépin Diatta,3,183,22.7,0.7,0.3,18.3,3.3,6.26
452,Amadou Onana,2,105,31.5,0.5,1,28.5,1.5,6.26
453,Shaq Moore,2,20,10,0.5,1,6,2.5,6.26
454,Ali Al Bulayhi,3,217,30.3,1,2.7,23.3,3.3,6.26
455,André Ayew,3,201,12,-,-,9.7,2.3,6.25
456,Alejandro Balde,4,124,27.5,1,0.3,25,1.3,6.25
457,António Silva,1,90,62,8,1,52,1,6.25
458,Bryan Ruiz,1,29,10,-,1,8,1,6.25
459,Pau Torres,1,90,189,7,3,166,13,6.25
460,Jung Woo-Young,4,305,52,4.8,3,39.8,4.5,6.25
461,Mikkel Damsgaard,3,149,23,1.3,1,16.3,4.3,6.25
462,Uriel Antuna,3,75,4,-,-,3.3,0.7,6.25
463,Nampalys Mendy,4,273,39.3,4.5,1.3,30.5,3,6.24
464,Ali Karimi,3,96,14.3,0.7,1,10.7,2,6.24
465,Leon Goretzka,3,159,18,0.7,1,13.3,3,6.24
466,Filip Kostic,2,180,37.5,-,2.5,25,10,6.24
467,Vincent Janssen,2,86,10,-,-,8,2,6.24
468,Gaël Ondoua,2,45,9.5,-,-,8.5,1,6.24
469,Hannibal Mejbri,1,10,2,-,-,2,-,6.23
470,Koke,2,50,30,1.5,0.5,26.5,1.5,6.23
471,Loïs Openda,1,12,4,-,1,3,-,6.23
472,Matías Viña,2,15,8,-,1,4,3,6.23
473,Yuto Nagatomo,4,213,21.3,0.8,2,15.3,3.3,6.23
474,Cyle Larin,3,138,8.7,-,-,6.3,2.3,6.23
475,Ricardo Rodríguez,4,360,46.8,3.3,4.5,32,7,6.23
476,Kalvin Phillips,2,40,9.5,1,-,7.5,1,6.23
477,Ángel Correa,1,4,3,-,-,3,-,6.22
478,Ben Davies,3,239,47.7,6.7,4,30.3,6.7,6.22
479,Dries Mertens,2,77,14,0.5,0.5,9.5,3.5,6.22
480,Diogo Costa,5,450,27.2,4.2,8.8,14,0.2,6.22
481,Hwang In-Beom,4,335,60.3,3.8,3.8,44.5,8.3,6.22
482,Takuma Asano,4,162,6.8,0.3,-,5,1.5,6.22
483,Jesper Lindstrøm,3,200,15.3,-,-,11.3,4,6.22
484,Giovanni Reyna,2,52,16.5,0.5,-,11,5,6.22
485,Unai Simón,4,390,35.3,3.8,2,29,0.5,6.22
486,Edinson Cavani,3,123,12.3,1,-,8,3.3,6.21
487,Ali Asad,1,26,23,-,-,21,2,6.21
488,David Wotherspoon,1,14,6,-,-,4,2,6.21
489,Eric Dier,2,33,20.5,-,0.5,20,-,6.21
490,Romelu Lukaku,2,54,4.5,-,-,3,1.5,6.21
491,Wajdi Kechrida,3,109,14.3,-,2.3,8.3,3.7,6.21
492,Alistair Johnston,3,270,47.7,2.7,4,36.3,4.7,6.20
493,Éverton Ribeiro,1,35,16,-,-,14,2,6.20
494,Fabian Rieder,2,68,12.5,-,1.5,6.5,4.5,6.20
495,Johan Venegas,1,74,13,-,-,11,2,6.20
496,Ajdin Hrustic,3,59,6.3,0.3,0.3,5,0.7,6.20
497,Abdulrahman Al Obud,2,33,5.5,-,-,4,1.5,6.20
498,Tariq Lamptey,2,102,10.5,-,1.5,7,2,6.20
499,Arkadiusz Milik,3,100,9.7,-,0.7,6.3,2.7,6.19
500,Pape Abou Cissé,3,104,12.3,2,2,7.3,1,6.19
501,Kamal Miller,3,270,66.3,3,2.7,57.7,3,6.19
502,Samuel Oum Gouet,2,99,29,1.5,2.5,24.5,0.5,6.19
503,Bryan Oviedo,3,262,25.3,0.3,1.7,19,4.3,6.18
504,Érick Gutiérrez,1,48,29,-,1,24,4,6.18
505,Thiago Almada,1,6,13,-,-,13,-,6.18
506,Remo Freuler,4,324,37.8,0.8,1.5,30.8,4.8,6.18
507,Takumi Minamino,3,57,6.3,0.3,1,4,1,6.18
508,Agustín Canobbio,1,10,7,1,-,4,2,6.17
509,Kamaldeen Sulemana,2,57,7.5,-,-,5,2.5,6.17
510,Homam Ahmed,3,263,25.7,0.3,2.3,18,5,6.17
511,Exequiel Palacios,3,47,9,-,0.3,8.3,0.3,6.16
512,Bailey Wright,1,16,3,1,1,-,1,6.16
513,Hiroki Ito,1,45,61,5,3,51,2,6.16
514,Juan Foyth,1,4,3,-,-,2,1,6.16
515,Trent Alexander-Arnold,1,33,21,1,1,19,-,6.16
516,Abdessamad Ezzalzouli,3,91,3.7,-,0.3,3,0.3,6.16
517,Daniel-Kofi Kyereh,3,31,6,0.3,-,5.7,-,6.16
518,Mohammed Al Burayk,2,66,20.5,0.5,1,17,2,6.15
519,Alexis Vega,3,196,16.7,0.7,1,12,3,6.15
520,João Palhinha,3,35,10.3,0.3,0.3,8.3,1.3,6.15
521,Anass Zaroury,1,26,10,-,-,8,2,6.15
522,Ante Budimir,2,54,2.5,-,-,1,1.5,6.15
523,Assim Madibo,2,154,35,1,1,28,5,6.15
524,Bamba Dieng,4,98,3.8,-,-,2.3,1.5,6.14
525,Musaab Khidir,1,5,2,1,-,1,-,6.14
526,Karim Ansarifard,2,34,2.5,-,-,2,0.5,6.14
527,Brenden Aaronson,4,105,11.5,-,-,10,1.5,6.13
528,Hassan Al Haydos,3,209,25,1.3,1,19.3,3.3,6.13
529,Issam Jebali,3,184,10.3,0.3,0.3,7.3,2.3,6.13
530,João Mário,2,84,18.5,0.5,-,17.5,0.5,6.13
531,Kellyn Acosta,2,41,6,-,-,5,1,6.13
532,Mattéo Guendouzi,1,79,32,-,1,26,5,6.13
533,Xavi Simons,1,7,10,-,-,6,4,6.13
534,Lautaro Martínez,6,238,10.5,-,-,7.8,2.7,6.13
535,Matheus Nunes,2,73,14.5,1.5,-,12,1,6.13
536,Mohammed Waad,2,26,5.5,-,-,4,1.5,6.13
537,Jamie Maclaren,3,52,4.3,-,-,2.3,2,6.12
538,Abderrazzaq Hamed Allah,4,64,3.8,-,-,2,1.8,6.12
539,Abdelkarim Hassan,3,270,51,6.3,4.7,33.7,6.3,6.12
540,Abolfazl Jalali,1,18,20,-,3,14,3,6.12
541,Carlos Rodríguez,2,32,14,1,1,9.5,2.5,6.12
542,Héctor Moreno,3,270,64.7,3,4.3,51.7,5.7,6.12
543,Hernán Galíndez,3,270,22.7,4.3,10,8.3,-,6.12
544,Anthony Contreras,3,127,8,-,-,4.7,3.3,6.12
545,José Cifuentes,2,58,20,-,1,15.5,3.5,6.12
546,Nicolás de la Cruz,2,36,11.5,0.5,-,9.5,1.5,6.12
547,Pedro,2,62,6.5,-,-,5,1.5,6.12
548,Ali Al Hassan,1,46,6,-,-,4,2,6.11
549,Ayase Ueda,1,46,12,-,-,7,5,6.11
550,Néstor Araújo,1,90,46,1,6,36,3,6.11
551,Joe Morrell,2,32,7,0.5,-,5.5,1,6.11
552,DeAndre Yedlin,2,32,9.5,-,1,7.5,1,6.11
553,Denis Zakaria,2,57,11.5,-,-,10,1.5,6.11
554,Samuel Adekugbe,3,94,19.3,-,0.7,18,0.7,6.10
555,Fabian Frei,2,23,7,-,0.5,4.5,2,6.10
556,Luka Jovic,2,36,4.5,-,-,2.5,2,6.10
557,Steven Bergwijn,4,217,17.8,0.3,0.3,15.5,1.8,6.10
558,Yuki Soma,1,82,10,-,2,8,-,6.10
559,Nikola Vlasic,6,206,8.5,-,0.2,7.3,1,6.10
560,Garang Kuol,2,35,2.5,-,-,1.5,1,6.10
561,Ansu Fati,2,44,14,-,-,12.5,1.5,6.10
562,Brandon Aguilera,3,89,12,0.3,0.7,8.7,2.3,6.09
563,Filip Djuricic,2,13,2.5,-,-,2,0.5,6.09
564,Ismaël Koné,3,106,33.3,2.7,0.3,29.3,1,6.09
565,Mark-Anthony Kaye,1,60,60,2,1,48,9,6.09
566,Badr Benoun,3,52,7.3,0.7,0.3,6.3,-,6.09
567,Hossein Kanani,2,46,5,2,1,1.5,0.5,6.09
568,Nicola Zalewski,2,65,8,0.5,-,6.5,1,6.09
569,Kasper Dolberg,3,113,5.7,-,-,4.7,1,6.08
570,Alan Franco,2,47,5.5,-,-,5,0.5,6.08
571,Édouard Mendy,4,360,26.3,5.3,8,13,-,6.08
572,Nemanja Gudelj,2,92,26,0.5,0.5,21.5,3.5,6.08
573,Leandro Trossard,3,103,18,2,-,12,4,6.07
574,Tarek Salman,1,7,9,-,-,7,2,6.07
575,Artur Jedrzejczyk,1,18,3,1,-,2,-,6.06
576,Gerson Torres,1,65,16,-,-,16,-,6.06
577,Ivan Ilic,1,33,20,-,-,19,1,6.06
578,Kenneth Taylor,1,4,8,1,-,7,-,6.06
579,Raúl Jiménez,3,56,9.7,1,-,5.7,3,6.06
580,Krzysztof Piatek,2,26,3,-,-,1,2,6.06
581,Karim Boudiaf,3,185,35.3,1.7,0.7,29.7,3.3,6.05
582,Fodé Ballo-Touré,1,6,5,-,-,4,1,6.05
583,Kevin Álvarez,2,70,9.5,-,0.5,6,3,6.05
584,Kwon Chang-Hoon,1,57,22,-,2,17,3,6.04
585,Ilias Chair,1,45,13,1,-,12,-,6.04
586,Francisco Calvo,2,180,49,2.5,4.5,38,4,6.04
587,Steven Vitória,3,270,62,3,5,50.3,3.7,6.03
588,André Silva,1,25,11,-,-,9,2,6.03
589,Carlos Gruezo,1,46,15,1,-,14,-,6.03
590,Georges-Kévin Nkoudou,2,25,5,0.5,-,4,0.5,6.03
591,Jonathan Osorio,3,119,18.3,1,-,15.7,1.7,6.03
592,Michal Skóras,1,45,9,-,-,8,1,6.03
593,Gonzalo Montiel,4,118,16.5,0.3,0.3,14,2,6.03
594,Abdulaziz Hatem,3,196,29.7,1,1.3,23,4.3,6.02
595,Keanu Baccus,4,113,10.3,1,1.3,5.5,2.5,6.02
596,Edimilson Fernandes,3,143,21.3,-,1.3,17.7,2.3,6.02
597,Gregor Kobel,1,90,23,1,8,14,-,6.02
598,Jan Bednarek,1,4,6,-,-,6,-,6.02
599,Jordan Veretout,1,63,36,1,-,32,3,6.02
600,Srdjan Babic,1,12,15,-,3,9,3,6.02
601,Keylor Navas,3,270,29,8,13.3,7.7,-,6.02
602,Awer Mabil,2,22,6.5,-,0.5,4.5,1.5,6.02
603,Boualem Khoukhi,3,270,65,3.7,3.7,52.3,5.3,6.01
604,Hwang Ui-Jo,4,104,2.8,-,-,2.3,0.5,6.01
605,Marcos Llorente,1,120,90,5,1,77,7,6.01
606,Nawaf Al Abid,2,85,18.5,0.5,-,16,2,6.01
607,Weverton,1,10,5,3,2,-,-,6.01
608,Daniel Chacón,1,1,1,-,-,1,-,6.00
609,Eray Cömert,2,46,21,1,0.5,18,1.5,6.00
610,Issahaku Fatawu,1,1,-,-,-,-,-,6.00
611,Kevin Rodríguez,2,2,0.5,-,-,-,0.5,6.00
612,Kristijan Jakic,1,1,-,-,-,-,-,6.00
613,Matthias Ginter,1,1,3,-,-,3,-,6.00
614,Predrag Rajkovic,1,1,-,-,-,-,-,6.00
615,Roan Wilson,1,1,4,-,-,4,-,6.00
616,Sorba Thomas,1,1,3,-,1,2,-,6.00
617,Youssoufa Moukoko,1,1,1,-,-,1,-,6.00
618,Cho Yu-Min,1,1,-,-,-,-,-,6.00
619,Jordan Morris,2,3,1,-,-,0.5,0.5,6.00
620,Yahya Jabrane,2,13,2,-,-,1,1,6.00
621,Ahmed Alaa,1,5,2,-,-,-,2,5.99
622,Andreas Skov Olsen,2,134,27.5,0.5,0.5,19,7.5,5.99
623,Damian Szymanski,1,28,8,1,-,7,-,5.99
624,Sasa Lukic,3,246,53.7,3,1,44.3,5.3,5.99
625,Nemanja Radonjic,3,57,4.7,-,-,3.3,1.3,5.98
626,Haitham Asiri,1,1,2,-,-,1,1,5.98
627,Milos Veljkovic,3,223,37.3,2.3,2,30.3,2.7,5.97
628,Aaron Ramsey,3,267,35.3,4.3,1.7,24.3,5,5.97
629,Rogelio Funes Mori,1,4,-,-,-,-,-,5.97
630,Saman Ghoddos,1,45,17,-,-,14,3,5.97
631,Antoine Semenyo,2,19,1,-,-,0.5,0.5,5.97
632,Taha Yassine Khenissi,2,27,3,-,-,1,2,5.97
633,Haris Seferovic,3,68,4.3,-,-,3.3,1,5.96
634,Óscar Duarte,3,270,31.3,3.3,5,19,4,5.96
635,Alireza Jahanbakhsh,2,59,7.5,-,-,5.5,2,5.95
636,Jesús Ferreira,1,46,19,-,-,16,3,5.95
637,Liam Millar,1,9,6,-,-,3,3,5.95
638,Lucas Cavallini,1,18,1,-,-,1,-,5.95
639,Robert Skov,1,21,15,-,-,15,-,5.95
640,Sultan Al Ghannam,3,125,10.3,0.3,1.7,6.7,1.7,5.95
641,Noah Okafor,3,43,7.3,0.3,0.3,5.3,1.3,5.94
642,Christian Nørgaard,1,5,15,-,-,14,1,5.94
643,Manuel Neuer,3,270,37,5.3,3,27.7,1,5.94
644,Michel Aebischer,1,14,4,-,-,2,2,5.94
645,Rubin Colwill,1,9,4,-,2,2,-,5.94
646,Djorkaeff Reasco,1,26,2,-,-,2,-,5.93
647,Bilal El Khannouss,1,56,24,3,-,17,4,5.92
648,Joe Allen,2,94,18,-,-,15,3,5.92
649,Takefusa Kubo,2,92,5.5,-,-,3,2.5,5.92
650,Lucas Hernández,1,13,9,-,1,5,3,5.91
651,Jonathan David,3,193,19.7,1,1.3,12.7,4.7,5.90
652,Ardon Jashari,1,1,6,-,-,5,1,5.90
653,Salman Al Faraj,1,49,14,1,1,9,3,5.90
654,Jonas Hofmann,2,28,9.5,-,-,7.5,2,5.90
655,Germán Pezzella,3,57,14.7,-,0.7,14,-,5.89
656,Álvaro Zamora,1,29,5,-,-,5,-,5.89
657,Darko Lazovic,1,24,11,2,1,5,3,5.88
658,Filip Mladenovic,1,66,17,1,-,13,3,5.88
659,Milan Borjan,3,270,25,5,6,13.3,0.7,5.88
660,Dan James,3,155,10,0.3,-,7,2.7,5.87
661,Abdul Rahman Baba,3,182,22.7,0.7,1.3,15,5.7,5.86
662,Ronald Matarrita,2,24,12.5,1,1.5,7.5,2.5,5.85
663,Sami Al Naji,1,46,16,-,1,12,3,5.85
664,Charles De Ketelaere,1,16,4,-,-,3,1,5.84
665,Brennan Johnson,3,89,5,-,-,3,2,5.83
666,Renato Steffen,1,31,14,-,1,12,1,5.83
667,Almoez Ali,3,226,15,0.7,0.3,10.3,3.7,5.82
668,Woo-Yeong Jeong,1,46,13,-,-,12,1,5.81
669,Roberto Alvarado,1,17,7,-,-,4,3,5.79
670,Jason Cummings,1,34,6,1,-,3,2,5.78
671,Carlos Martínez,1,46,10,1,-,6,3,5.77
672,Jewison Bennette,3,102,4,0.3,-,3,0.7,5.77
673,Nicolas Jackson,1,17,10,-,-,9,1,5.75
674,Stefan Mitrovic,1,34,21,-,1,18,2,5.71
675,Saad Al Sheeb,1,90,16,4,2,10,-,5.70
676,Meshaal Barsham,2,180,26.5,5.5,8,12.5,0.5,5.69
677,Sadegh Moharrami,1,90,16,-,1,11,4,5.66
678,Abdulelah Al Malki,2,175,41.5,0.5,1,32.5,7.5,5.65
679,Danny Ward,2,93,18.5,6.5,7.5,4.5,-,5.56
680,Walid Cheddira,2,63,4,-,-,2,2,5.38
681,Nathaniel Atkinson,1,85,26,1,4,19,2,5.18
